indicator_name,gdiCensus,theme,aggregation_function,numerator_condition,denominator_condition,disaggregation,excludeDisaggregation,includedInCensus
indexrem,FALSE,pobreza,pct,indexrem==1,!is.na(indexrem),"sex,ethnicity,area,isoalpha3,year","disability,migration quintile,migration ethnicity,migration disability,quintile ethnicity,area,quintile quintile,ethnicity ethnicity,disability migration,area",0
ylmfem_ch,FALSE,pobreza,mean,shareylmfem_ch,jefe_ci==1 & !is.na(shareylmfem_ch),"ethnicity,area,isoalpha3,year","disability,migration quintile,migration ethnicity,migration disability,quintile ethnicity,area,quintile quintile,ethnicity ethnicity,disability migration,area",0
pobreza31,FALSE,pobreza,pct,"income_category==""extreme""",!is.na(income_category),"sex,ethnicity,area,age_scl,migration,disability,isoalpha3,year","disability,migration quintile,migration ethnicity,migration disability,quintile ethnicity,area,quintile quintile,ethnicity ethnicity,disability migration,area age_scl,area,migration age_scl,migration age_scl,ethnicity",0
pobreza,FALSE,pobreza,pct,"income_category==""poverty"" | income_category==""extreme""",!is.na(income_category),"sex,ethnicity,area,age_scl,migration,disability,isoalpha3,year","disability,migration quintile,migration ethnicity,migration disability,quintile ethnicity,area,quintile quintile,ethnicity ethnicity,disability migration,area age_scl,area,migration age_scl,migration age_scl,ethnicity",0
vulnerable,FALSE,pobreza,pct,"income_category==""vulnerable""",!is.na(income_category),"sex,ethnicity,area,age_scl,migration,disability,isoalpha3,year","disability,migration quintile,migration ethnicity,migration disability,quintile ethnicity,area,quintile quintile,ethnicity ethnicity,disability migration,area age_scl,area,migration age_scl,migration age_scl,ethnicity",0
middle,FALSE,pobreza,pct,"income_category==""middle""",!is.na(income_category),"sex,ethnicity,area,age_scl,migration,disability,isoalpha3,year","disability,migration quintile,migration ethnicity,migration disability,quintile ethnicity,area,quintile quintile,ethnicity ethnicity,disability migration,area age_scl,area,migration age_scl,migration age_scl,ethnicity",0
rich,FALSE,pobreza,pct,"income_category==""rich""",!is.na(income_category),"sex,ethnicity,area,age_scl,migration,disability,isoalpha3,year","disability,migration quintile,migration ethnicity,migration disability,quintile ethnicity,area,quintile quintile,ethnicity ethnicity,disability migration,area age_scl,area,migration age_scl,migration age_scl,ethnicity",0
aguadisp_ch,FALSE,wash,pct,(aguadisp1_ch==1 | (aguadisp1_ch ==9 & (aguadisp2_ch ==2 | aguadisp2_ch ==3))) & (jefe_ci==1),jefe_ci==1,"sex,age_scl,area,quintile,ethnicity,disability,migration,isoalpha3,year","disability,migration quintile,migration ethnicity,migration disability,quintile ethnicity,area,quintile quintile,ethnicity ethnicity,disability migration,area",0
aguadispcontinuo_ch,FALSE,wash,pct,(aguadisp2_ch == 3) & (jefe_ci==1),jefe_ci==1,"sex,age_scl,area,quintile,ethnicity,disability,migration,isoalpha3,year","disability,migration quintile,migration ethnicity,migration disability,quintile ethnicity,area,quintile quintile,ethnicity ethnicity,disability migration,area",0
aguadispnulo_ch,FALSE,wash,pct,(aguadisp1_ch == 9) & (aguadisp2_ch == 9) & (jefe_ci==1),jefe_ci==1,"sex,age_scl,area,quintile,ethnicity,disability,migration,isoalpha3,year","disability,migration quintile,migration ethnicity,migration disability,quintile ethnicity,area,quintile quintile,ethnicity ethnicity,disability migration,area",0
aguafcamion_ch,FALSE,wash,pct,(aguafuente_ch == 6) & (jefe_ci==1),jefe_ci==1,"sex,age_scl,area,quintile,ethnicity,disability,migration,isoalpha3,year","disability,migration quintile,migration ethnicity,migration disability,quintile ethnicity,area,quintile quintile,ethnicity ethnicity,disability migration,area",0
aguafcamioncon_ch,FALSE,wash,pct,(aguafconsumo_ch == 6) & (jefe_ci==1),jefe_ci==1,"sex,age_scl,area,quintile,ethnicity,disability,migration,isoalpha3,year","disability,migration quintile,migration ethnicity,migration disability,quintile ethnicity,area,quintile quintile,ethnicity ethnicity,disability migration,area",0
aguafconnulo_ch,FALSE,wash,pct,(aguafconsumo_ch == 0) & (jefe_ci==1),jefe_ci==1,"sex,age_scl,area,quintile,ethnicity,disability,migration,isoalpha3,year","disability,migration quintile,migration ethnicity,migration disability,quintile ethnicity,area,quintile quintile,ethnicity ethnicity,disability migration,area",0
aguafdesconcon_ch,FALSE,wash,pct,(aguafconsumo_ch == 10) & (jefe_ci==1),jefe_ci==1,"sex,age_scl,area,quintile,ethnicity,disability,migration,isoalpha3,year","disability,migration quintile,migration ethnicity,migration disability,quintile ethnicity,area,quintile quintile,ethnicity ethnicity,disability migration,area",0
aguafdesconocido_ch,FALSE,wash,pct,(aguafuente_ch == 10) & (jefe_ci==1),jefe_ci==1,"sex,age_scl,area,quintile,ethnicity,disability,migration,isoalpha3,year","disability,migration quintile,migration ethnicity,migration disability,quintile ethnicity,area,quintile quintile,ethnicity ethnicity,disability migration,area",0
aguafembotcon_ch,FALSE,wash,pct,(aguafconsumo_ch == 3) & (jefe_ci==1),jefe_ci==1,"sex,age_scl,area,quintile,ethnicity,disability,migration,isoalpha3,year","disability,migration quintile,migration ethnicity,migration disability,quintile ethnicity,area,quintile quintile,ethnicity ethnicity,disability migration,area",0
aguafembotellada_ch,FALSE,wash,pct,(aguafuente_ch == 3) & (jefe_ci==1),jefe_ci==1,"sex,age_scl,area,quintile,ethnicity,disability,migration,isoalpha3,year","disability,migration quintile,migration ethnicity,migration disability,quintile ethnicity,area,quintile quintile,ethnicity ethnicity,disability migration,area",0
aguaflluvia_ch,FALSE,wash,pct,(aguafuente_ch == 5) & (jefe_ci==1),jefe_ci==1,"sex,age_scl,area,quintile,ethnicity,disability,migration,isoalpha3,year","disability,migration quintile,migration ethnicity,migration disability,quintile ethnicity,area,quintile quintile,ethnicity ethnicity,disability migration,area",0
aguaflluviacon_ch,FALSE,wash,pct,(aguafconsumo_ch == 5) & (jefe_ci==1),jefe_ci==1,"sex,age_scl,area,quintile,ethnicity,disability,migration,isoalpha3,year","disability,migration quintile,migration ethnicity,migration disability,quintile ethnicity,area,quintile quintile,ethnicity ethnicity,disability migration,area",0
aguafmejorada_ch,FALSE,wash,pct,(aguamejorada_ch == 1) & (jefe_ci==1),jefe_ci==1,"sex,age_scl,area,quintile,ethnicity,disability,migration,isoalpha3,year","disability,migration quintile,migration ethnicity,migration disability,quintile ethnicity,area,quintile quintile,ethnicity ethnicity,disability migration,area",0
aguafmejoradacon_ch,FALSE,wash,pct,(aguafconsumo_ch >= 1 & aguafconsumo_ch <= 7) & (jefe_ci==1),jefe_ci==1,"sex,age_scl,area,quintile,ethnicity,disability,migration,isoalpha3,year","disability,migration quintile,migration ethnicity,migration disability,quintile ethnicity,area,quintile quintile,ethnicity ethnicity,disability migration,area",0
aguafnmcon_ch,FALSE,wash,pct,(aguafconsumo_ch == 8 | aguafconsumo_ch == 9)  & (jefe_ci==1),jefe_ci==1,"sex,age_scl,area,quintile,ethnicity,disability,migration,isoalpha3,year","disability,migration quintile,migration ethnicity,migration disability,quintile ethnicity,area,quintile quintile,ethnicity ethnicity,disability migration,area",0
aguafnomejorada_ch,FALSE,wash,pct,(aguamala_ch == 1) & (jefe_ci==1),jefe_ci==1,"sex,age_scl,area,quintile,ethnicity,disability,migration,isoalpha3,year","disability,migration quintile,migration ethnicity,migration disability,quintile ethnicity,area,quintile quintile,ethnicity ethnicity,disability migration,area",0
aguafotramej_ch,FALSE,wash,pct,aguafuente_ch == 7 & (jefe_ci==1),jefe_ci==1,"sex,age_scl,area,quintile,ethnicity,disability,migration,isoalpha3,year","disability,migration quintile,migration ethnicity,migration disability,quintile ethnicity,area,quintile quintile,ethnicity ethnicity,disability migration,area",0
aguafotramejcon_ch,FALSE,wash,pct,aguafconsumo_ch == 7 & (jefe_ci==1),jefe_ci==1,"sex,age_scl,area,quintile,ethnicity,disability,migration,isoalpha3,year","disability,migration quintile,migration ethnicity,migration disability,quintile ethnicity,area,quintile quintile,ethnicity ethnicity,disability migration,area",0
aguafotranm_ch,FALSE,wash,pct,(aguafuente_ch == 9) & (jefe_ci==1),jefe_ci==1,"sex,age_scl,area,quintile,ethnicity,disability,migration,isoalpha3,year","disability,migration quintile,migration ethnicity,migration disability,quintile ethnicity,area,quintile quintile,ethnicity ethnicity,disability migration,area",0
aguafotranmcon_ch,FALSE,wash,pct,aguafconsumo_ch == 9 & (jefe_ci==1),jefe_ci==1,"sex,age_scl,area,quintile,ethnicity,disability,migration,isoalpha3,year","disability,migration quintile,migration ethnicity,migration disability,quintile ethnicity,area,quintile quintile,ethnicity ethnicity,disability migration,area",0
aguafpozoprot_ch,FALSE,wash,pct,aguafuente_ch == 4 & (jefe_ci==1),jefe_ci==1,"sex,age_scl,area,quintile,ethnicity,disability,migration,isoalpha3,year","disability,migration quintile,migration ethnicity,migration disability,quintile ethnicity,area,quintile quintile,ethnicity ethnicity,disability migration,area",0
aguafpozoprotcon_ch,FALSE,wash,pct,aguafconsumo_ch == 4 & (jefe_ci==1),jefe_ci==1,"sex,age_scl,area,quintile,ethnicity,disability,migration,isoalpha3,year","disability,migration quintile,migration ethnicity,migration disability,quintile ethnicity,area,quintile quintile,ethnicity ethnicity,disability migration,area",0
aguafpublico_ch,FALSE,wash,pct,aguafuente_ch == 2 & (jefe_ci==1),jefe_ci==1,"sex,age_scl,area,quintile,ethnicity,disability,migration,isoalpha3,year","disability,migration quintile,migration ethnicity,migration disability,quintile ethnicity,area,quintile quintile,ethnicity ethnicity,disability migration,area",0
aguafpublicocon_ch,FALSE,wash,pct,aguafconsumo_ch == 2 & (jefe_ci==1),jefe_ci==1,"sex,age_scl,area,quintile,ethnicity,disability,migration,isoalpha3,year","disability,migration quintile,migration ethnicity,migration disability,quintile ethnicity,area,quintile quintile,ethnicity ethnicity,disability migration,area",0
aguafred_ch,FALSE,wash,pct,aguafuente_ch == 1 & (jefe_ci==1),jefe_ci==1,"sex,age_scl,area,quintile,ethnicity,disability,migration,isoalpha3,year","disability,migration quintile,migration ethnicity,migration disability,quintile ethnicity,area,quintile quintile,ethnicity ethnicity,disability migration,area",0
aguafredcon_ch,FALSE,wash,pct,aguafconsumo_ch == 1 & (jefe_ci==1),jefe_ci==1,"sex,age_scl,area,quintile,ethnicity,disability,migration,isoalpha3,year","disability,migration quintile,migration ethnicity,migration disability,quintile ethnicity,area,quintile quintile,ethnicity ethnicity,disability migration,area",0
aguafsupercon_ch,FALSE,wash,pct,aguafconsumo_ch == 8 & (jefe_ci==1),jefe_ci==1,"sex,age_scl,area,quintile,ethnicity,disability,migration,isoalpha3,year","disability,migration quintile,migration ethnicity,migration disability,quintile ethnicity,area,quintile quintile,ethnicity ethnicity,disability migration,area",0
aguafsuperficial_ch,FALSE,wash,pct,aguafuente_ch == 8 & (jefe_ci==1),jefe_ci==1,"sex,age_scl,area,quintile,ethnicity,disability,migration,isoalpha3,year","disability,migration quintile,migration ethnicity,migration disability,quintile ethnicity,area,quintile quintile,ethnicity ethnicity,disability migration,area",0
aguamide_ch,FALSE,wash,pct,aguamide_ch == 1 & (jefe_ci==1),jefe_ci==1,"sex,age_scl,area,quintile,ethnicity,disability,migration,isoalpha3,year","disability,migration quintile,migration ethnicity,migration disability,quintile ethnicity,area,quintile quintile,ethnicity ethnicity,disability migration,area",0
aguatrat_ch,FALSE,wash,pct,aguatrat_ch == 1 & (jefe_ci==1),jefe_ci==1,"sex,age_scl,area,quintile,ethnicity,disability,migration,isoalpha3,year","disability,migration quintile,migration ethnicity,migration disability,quintile ethnicity,area,quintile quintile,ethnicity ethnicity,disability migration,area",0
jmpaguasegura_ch,FALSE,wash,pct,"aguafuente_ch >= 1 & aguafuente_ch <= 7 & 
                                 (aguadisp1_ch == 1 | (aguadisp1_ch == 9 & 
                                                              (aguadisp2_ch == 2 | aguadisp2_ch == 3))) &
                                 (aguadist_ch == 1 | aguadist_ch == 2) & (jefe_ci==1)",jefe_ci==1,"sex,age_scl,area,quintile,ethnicity,disability,migration,isoalpha3,year","disability,migration quintile,migration ethnicity,migration disability,quintile ethnicity,area,quintile quintile,ethnicity ethnicity,disability migration,area",0
jmpconaguasegura_ch,FALSE,wash,pct,"(aguafconsumo_ch >= 1 & aguafconsumo_ch <= 7) & 
                                    (aguadisp1_ch == 1 | (aguadisp1_ch == 9 & 
                                                                 (aguadisp2_ch == 2 | aguadisp2_ch == 3))) &
                                    (aguadist_ch == 1 | aguadist_ch == 2) & (jefe_ci==1)",jefe_ci==1,"sex,age_scl,area,quintile,ethnicity,disability,migration,isoalpha3,year","disability,migration quintile,migration ethnicity,migration disability,quintile ethnicity,area,quintile quintile,ethnicity ethnicity,disability migration,area",0
nosanairelibre_ch,FALSE,wash,pct,sinbano_ch == 2 & (jefe_ci==1),jefe_ci==1,"sex,age_scl,area,quintile,ethnicity,disability,migration,isoalpha3,year","disability,migration quintile,migration ethnicity,migration disability,quintile ethnicity,area,quintile quintile,ethnicity ethnicity,disability migration,area",0
nosandesc_ch,FALSE,wash,pct,sinbano_ch == 3 & (jefe_ci==1),jefe_ci==1,"sex,age_scl,area,quintile,ethnicity,disability,migration,isoalpha3,year","disability,migration quintile,migration ethnicity,migration disability,quintile ethnicity,area,quintile quintile,ethnicity ethnicity,disability migration,area",0
nosanvecino_ch,FALSE,wash,pct,sinbano_ch == 1 & (jefe_ci==1),jefe_ci==1,"sex,age_scl,area,quintile,ethnicity,disability,migration,isoalpha3,year","disability,migration quintile,migration ethnicity,migration disability,quintile ethnicity,area,quintile quintile,ethnicity ethnicity,disability migration,area",0
sandesconocido_ch,FALSE,wash,pct,bano_ch == 6 & (jefe_ci==1),jefe_ci==1,"sex,age_scl,area,quintile,ethnicity,disability,migration,isoalpha3,year","disability,migration quintile,migration ethnicity,migration disability,quintile ethnicity,area,quintile quintile,ethnicity ethnicity,disability migration,area",0
sanexclusivo_ch,FALSE,wash,pct,banoex_ch == 1 & (jefe_ci==1),jefe_ci==1,"sex,age_scl,area,quintile,ethnicity,disability,migration,isoalpha3,year","disability,migration quintile,migration ethnicity,migration disability,quintile ethnicity,area,quintile quintile,ethnicity ethnicity,disability migration,area",0
sanexclusivonulo_ch,FALSE,wash,pct,banoex_ch == 9 & (jefe_ci==1),jefe_ci==1,"sex,age_scl,area,quintile,ethnicity,disability,migration,isoalpha3,year","disability,migration quintile,migration ethnicity,migration disability,quintile ethnicity,area,quintile quintile,ethnicity ethnicity,disability migration,area",0
sanmejorado_ch,FALSE,wash,pct,(bano_ch >= 1 & bano_ch <= 3) & (jefe_ci==1),jefe_ci==1,"sex,age_scl,area,quintile,ethnicity,disability,migration,isoalpha3,year","disability,migration quintile,migration ethnicity,migration disability,quintile ethnicity,area,quintile quintile,ethnicity ethnicity,disability migration,area",0
sannomejorado_ch,FALSE,wash,pct,(bano_ch >= 4 & bano_ch <= 5) & (jefe_ci==1),jefe_ci==1,"sex,age_scl,area,quintile,ethnicity,disability,migration,isoalpha3,year","disability,migration quintile,migration ethnicity,migration disability,quintile ethnicity,area,quintile quintile,ethnicity ethnicity,disability migration,area",0
sanotramejorado_ch,FALSE,wash,pct,(bano_ch == 3) & (jefe_ci==1),jefe_ci==1,"sex,age_scl,area,quintile,ethnicity,disability,migration,isoalpha3,year","disability,migration quintile,migration ethnicity,migration disability,quintile ethnicity,area,quintile quintile,ethnicity ethnicity,disability migration,area",0
sanotranm_ch,FALSE,wash,pct,(bano_ch == 5) & (jefe_ci==1),jefe_ci==1,"sex,age_scl,area,quintile,ethnicity,disability,migration,isoalpha3,year","disability,migration quintile,migration ethnicity,migration disability,quintile ethnicity,area,quintile quintile,ethnicity ethnicity,disability migration,area",0
sanred_ch,FALSE,wash,pct,(bano_ch == 1) & (jefe_ci==1),jefe_ci==1,"sex,age_scl,area,quintile,ethnicity,disability,migration,isoalpha3,year","disability,migration quintile,migration ethnicity,migration disability,quintile ethnicity,area,quintile quintile,ethnicity ethnicity,disability migration,area",0
sanseptic_ch,FALSE,wash,pct,(bano_ch == 2) & (jefe_ci==1),jefe_ci==1,"sex,age_scl,area,quintile,ethnicity,disability,migration,isoalpha3,year","disability,migration quintile,migration ethnicity,migration disability,quintile ethnicity,area,quintile quintile,ethnicity ethnicity,disability migration,area",0
sinsan_ch,FALSE,wash,pct,(bano_ch == 0) & (jefe_ci==1),jefe_ci==1,"sex,age_scl,area,quintile,ethnicity,disability,migration,isoalpha3,year","disability,migration quintile,migration ethnicity,migration disability,quintile ethnicity,area,quintile quintile,ethnicity ethnicity,disability migration,area",0
sanambiente_ch,FALSE,wash,pct,(bano_ch == 4) & (jefe_ci==1),jefe_ci==1,"sex,age_scl,area,quintile,ethnicity,disability,migration,isoalpha3,year","disability,migration quintile,migration ethnicity,migration disability,quintile ethnicity,area,quintile quintile,ethnicity ethnicity,disability migration,area",0
aguared_ch,Test,wash,pct,(aguared_ch == 1) & (jefe_ci==1),jefe_ci==1,"sex,ethnicity,disability,disability_ch,isoalpha3,year","disability,migration quintile,migration ethnicity,migration disability,quintile ethnicity,area,quintile quintile,ethnicity ethnicity,disability migration,area disability,disability_ch disability_ch,migration disability_ch,quintile disability_ch,ethnicity",0
auto_ch,Test,vivienda,pct,auto_ch==1 & jefe_ci==1 ,jefe_ci==1 &!is.na(auto_ch),"sex,ethnicity,disability,disability_ch,isoalpha3,year","disability,migration quintile,migration ethnicity,migration disability,quintile ethnicity,area,quintile quintile,ethnicity ethnicity,disability migration,area disability,disability_ch disability_ch,migration disability_ch,quintile disability_ch,ethnicity",0
cel_ch,Test,vivienda,pct,cel_ch==1 & jefe_ci==1 ,jefe_ci==1 &!is.na(cel_ch),"sex,ethnicity,disability,disability_ch,isoalpha3,year","disability,migration quintile,migration ethnicity,migration disability,quintile ethnicity,area,quintile quintile,ethnicity ethnicity,disability migration,area disability,disability_ch disability_ch,migration disability_ch,quintile disability_ch,ethnicity",0
dirtf_ch,Test,vivienda,pct,piso_ch == 0 & jefe_ci==1 ,jefe_ci==1 &!is.na(piso_ch),"sex,ethnicity,disability,disability_ch,isoalpha3,year","disability,migration quintile,migration ethnicity,migration disability,quintile ethnicity,area,quintile quintile,ethnicity ethnicity,disability migration,area disability,disability_ch disability_ch,migration disability_ch,quintile disability_ch,ethnicity",0
estable_ch,Test,vivienda,pct,viviprop_ch <= 2 & jefe_ci==1 ,jefe_ci==1 &!is.na(viviprop_ch),"sex,ethnicity,disability,disability_ch,isoalpha3,year","disability,migration quintile,migration ethnicity,migration disability,quintile ethnicity,area,quintile quintile,ethnicity ethnicity,disability migration,area disability,disability_ch disability_ch,migration disability_ch,quintile disability_ch,ethnicity",0
hacinamiento_ch,FALSE,vivienda,mean,hacinamiento_ch,jefe_ci==1 &!is.na(hacinamiento_ch) ,"area,ethnicity,migration,isoalpha3,year","disability,migration quintile,migration ethnicity,migration disability,quintile ethnicity,area,quintile quintile,ethnicity ethnicity,disability migration,area",0
internet_ch,Test,vivienda,pct,internet_ch==1 & jefe_ci==1 ,jefe_ci==1 &!is.na(internet_ch),"sex,ethnicity,disability,disability_ch,isoalpha3,year","disability,migration quintile,migration ethnicity,migration disability,quintile ethnicity,area,quintile quintile,ethnicity ethnicity,disability migration,area disability,disability_ch disability_ch,migration disability_ch,quintile disability_ch,ethnicity",1
luz_ch,Test,vivienda,pct,luz_ch ==1 & jefe_ci==1 ,jefe_ci==1 &!is.na(luz_ch),"sex,ethnicity,disability,disability_ch,isoalpha3,year","disability,migration quintile,migration ethnicity,migration disability,quintile ethnicity,area,quintile quintile,ethnicity ethnicity,disability migration,area disability,disability_ch disability_ch,migration disability_ch,quintile disability_ch,ethnicity",0
parednp_ch,Test,vivienda,pct,pared_ch == 2 & jefe_ci==1 ,jefe_ci==1 &!is.na(pared_ch),"sex,ethnicity,disability,disability_ch,isoalpha3,year","disability,migration quintile,migration ethnicity,migration disability,quintile ethnicity,area,quintile quintile,ethnicity ethnicity,disability migration,area disability,disability_ch disability_ch,migration disability_ch,quintile disability_ch,ethnicity",0
refrig_ch,Test,vivienda,pct,(refrig_ch == 1 | freez_ch == 1) & jefe_ci==1 ,jefe_ci==1 &!is.na(refrig_ch ),"sex,ethnicity,disability,disability_ch,isoalpha3,year","disability,migration quintile,migration ethnicity,migration disability,quintile ethnicity,area,quintile quintile,ethnicity ethnicity,disability migration,area disability,disability_ch disability_ch,migration disability_ch,quintile disability_ch,ethnicity",0
techonp_ch,Test,vivienda,pct,techo_ch == 2 & jefe_ci==1 ,jefe_ci==1 &!is.na(techo_ch),"sex,ethnicity,disability,disability_ch,isoalpha3,year","disability,migration quintile,migration ethnicity,migration disability,quintile ethnicity,area,quintile quintile,ethnicity ethnicity,disability migration,area disability,disability_ch disability_ch,migration disability_ch,quintile disability_ch,ethnicity",0
ampl_ch,FALSE,demografia,pct,clasehog_ch==3 & jefe_ci ==1 ,jefe_ci ==1 & !is.na(clasehog_ch),"quintile,area,ethnicity,disability,migration,isoalpha3,year","disability,migration quintile,migration ethnicity,migration disability,quintile ethnicity,area,quintile quintile,ethnicity ethnicity,disability migration,area",0
comp_ch,FALSE,demografia,pct,clasehog_ch==4 & jefe_ci ==1 ,jefe_ci ==1 & !is.na(clasehog_ch),"quintile,area,ethnicity,disability,migration,isoalpha3,year","disability,migration quintile,migration ethnicity,migration disability,quintile ethnicity,area,quintile quintile,ethnicity ethnicity,disability migration,area",0
corres_ch,FALSE,demografia,pct,clasehog_ch==5 & jefe_ci ==1 ,jefe_ci ==1 & !is.na(clasehog_ch),"quintile,area,ethnicity,disability,migration,isoalpha3,year","disability,migration quintile,migration ethnicity,migration disability,quintile ethnicity,area,quintile quintile,ethnicity ethnicity,disability migration,area",0
depen_ch,FALSE,demografia,mean,depen_ch,jefe_ci==1 & !is.na(depen_ch),"quintile,area,ethnicity,disability,migration,isoalpha3,year","disability,migration quintile,migration ethnicity,migration disability,quintile ethnicity,area,quintile quintile,ethnicity ethnicity,disability migration,area",0
jefa_ch,Test,demografia,pct,jefa_ch==1,jefe_ci==1 & !is.na(jefa_ch) & !is.na(sexo_ci),"sex,ethnicity,disability,disability_ch,isoalpha3,year","disability,migration quintile,migration ethnicity,migration disability,quintile ethnicity,area,quintile quintile,ethnicity ethnicity,disability migration,area disability,disability_ch disability_ch,migration disability_ch,quintile disability_ch,ethnicity",0
jefaecon_ch,FALSE,demografia,pct,hhfem_ch==1,jefe_ci==1 & !is.na(hhfem_ch) & !is.na(sexo_ci),"quintile,area,ethnicity,disability,migration,isoalpha3,year","disability,migration quintile,migration ethnicity,migration disability,quintile ethnicity,area,quintile quintile,ethnicity ethnicity,disability migration,area",0
miembro6_ch,Test,demografia,pct,miembro6_ch==1 & jefe_ci==1,jefe_ci==1 &!is.na(miembro6_ch ),"sex,ethnicity,disability,disability_ch,isoalpha3,year","disability,migration quintile,migration ethnicity,migration disability,quintile ethnicity,area,quintile quintile,ethnicity ethnicity,disability migration,area disability,disability_ch disability_ch,migration disability_ch,quintile disability_ch,ethnicity",1
miembro65_ch,Test,demografia,pct,miembro65_ch==1 & jefe_ci==1,jefe_ci==1 & !is.na(miembro65_ch),"sex,ethnicity,disability,disability_ch,isoalpha3,year","disability,migration quintile,migration ethnicity,migration disability,quintile ethnicity,area,quintile quintile,ethnicity ethnicity,disability migration,area disability,disability_ch disability_ch,migration disability_ch,quintile disability_ch,ethnicity",1
miembro6y16_ch,Test,demografia,pct,miembro6y16_ch==1 & jefe_ci==1,jefe_ci==1 &!is.na(miembro6y16_ch),"sex,ethnicity,disability,disability_ch,isoalpha3,year","disability,migration quintile,migration ethnicity,migration disability,quintile ethnicity,area,quintile quintile,ethnicity ethnicity,disability migration,area disability,disability_ch disability_ch,migration disability_ch,quintile disability_ch,ethnicity",1
nucl_ch,FALSE,demografia,pct,clasehog_ch==2 & jefe_ci ==1 ,jefe_ci ==1 & !is.na(clasehog_ch),"quintile,area,ethnicity,disability,migration,isoalpha3,year","disability,migration quintile,migration ethnicity,migration disability,quintile ethnicity,area,quintile quintile,ethnicity ethnicity,disability migration,area",0
pob18_ci,FALSE,demografia,pct,pob18_ci==1,!is.na(pob18_ci),"quintile,area,ethnicity,disability,migration,isoalpha3,year","disability,migration quintile,migration ethnicity,migration disability,quintile ethnicity,area,quintile quintile,ethnicity ethnicity,disability migration,area",0
pob65_ci,FALSE,demografia,pct,pob65_ci==1,!is.na(pob65_ci),"sex,quintile,area,ethnicity,disability,migration,isoalpha3,year","disability,migration quintile,migration ethnicity,migration disability,quintile ethnicity,area,quintile quintile,ethnicity ethnicity,disability migration,area",0
pobedad_ci,FALSE,demografia,mean,edad_ci,!is.na(edad_ci),"quintile,area,ethnicity,disability,migration,isoalpha3,year","disability,migration quintile,migration ethnicity,migration disability,quintile ethnicity,area,quintile quintile,ethnicity ethnicity,disability migration,area",0
pobfem_ci,Test,demografia,pct,sexo_ci==2,!is.na(sexo_ci),"sex,ethnicity,disability,disability_ch,isoalpha3,year","disability,migration quintile,migration ethnicity,migration disability,quintile ethnicity,area,quintile quintile,ethnicity ethnicity,disability migration,area disability,disability_ch disability_ch,migration disability_ch,quintile disability_ch,ethnicity",0
urbano_ci,FALSE,demografia,pct,zona_c==1,!is.na(zona_c),"sex,quintile,ethnicity,disability,isoalpha3,year","disability,migration quintile,migration ethnicity,migration disability,quintile ethnicity,area,quintile quintile,ethnicity ethnicity,disability migration,area",0
rural_ci,FALSE,demografia,pct,zona_c==0,!is.na(zona_c),"sex,quintile,ethnicity,disability,isoalpha3,year","disability,migration quintile,migration ethnicity,migration disability,quintile ethnicity,area,quintile quintile,ethnicity ethnicity,disability migration,area",0
tamh_ch,FALSE,demografia,mean,nmiembros_ch,jefe_ci==1 & !is.na(nmiembros_ch),"quintile,area,ethnicity,disability,migration,isoalpha3,year","disability,migration quintile,migration ethnicity,migration disability,quintile ethnicity,area,quintile quintile,ethnicity ethnicity,disability migration,area",0
union_ci,Test,demografia,pct,civil_ci==2,!is.na(civil_ci),"sex,ethnicity,disability,disability_ch,isoalpha3,year","disability,migration quintile,migration ethnicity,migration disability,quintile ethnicity,area,quintile quintile,ethnicity ethnicity,disability migration,area disability,disability_ch disability_ch,migration disability_ch,quintile disability_ch,ethnicity",1
unip_ch,FALSE,demografia,pct,clasehog_ch==1 & jefe_ci ==1 ,jefe_ci ==1 & !is.na(clasehog_ch),"quintile,area,ethnicity,disability,migration,isoalpha3,year","disability,migration quintile,migration ethnicity,migration disability,quintile ethnicity,area,quintile quintile,ethnicity ethnicity,disability migration,area",0
miglac_ci,FALSE,migracion ,pct,miglac_ci==1,!is.na(miglac_ci==1),"sex,area,isoalpha3,year","disability,migration quintile,migration ethnicity,migration disability,quintile ethnicity,area,quintile quintile,ethnicity ethnicity,disability migration,area",0
migrantiguo5_ci,FALSE,migracion ,pct,migrantiguo5_ci==1,!is.na(migrantiguo5_ci==1),"sex,area,isoalpha3,year","disability,migration quintile,migration ethnicity,migration disability,quintile ethnicity,area,quintile quintile,ethnicity ethnicity,disability migration,area",0
migantiguo5_ci,FALSE,migracion,pct,migantiguo5_ci==1,!is.na(migantiguo5_ci),"sex,area,isoalpha3,year","disability,migration quintile,migration ethnicity,migration disability,quintile ethnicity,area,quintile quintile,ethnicity ethnicity,disability migration,area",0
migrante_ci,FALSE,migracion,pct,migrante_ci==1,!is.na(migrante_ci),"sex,area,isoalpha3,year","disability,migration quintile,migration ethnicity,migration disability,quintile ethnicity,area,quintile quintile,ethnicity ethnicity,disability migration,area",0
migrantelac_ci,FALSE,migracion,pct,migrantelac_ci==1,!is.na(migrantelac_ci),"sex,area,isoalpha3,year","disability,migration quintile,migration ethnicity,migration disability,quintile ethnicity,area,quintile quintile,ethnicity ethnicity,disability migration,area",0
dura_desempleo,FALSE,laboral,mean,durades_ci,condocup_ci==2 &!is.na(durades_ci),"sex,area,ethnicity,disability,isoalpha3,year","disability,migration quintile,migration ethnicity,migration disability,quintile ethnicity,area,quintile quintile,ethnicity ethnicity,disability migration,area age_lmk,migration age_lmk,disability age_lmk,area,ethnicity age_15_64_lmk,migration age_15_64_lmk,disability age_15_64_lmk,area,ethnicity age_15_29_lmk,migration age_15_29_lmk,disability age_15_29_lmk,area,ethnicity age_15_64_lmk,age_15_29_lmk age_15_64_lmk,age_lmk age_15_29_lmk,age_lmk",0
empleo_publico,Test,laboral,pct,spublico_ci==1,condocup_ci==1,"sex,ethnicity,disability,disability_ch,isoalpha3,year","disability,migration quintile,migration ethnicity,migration disability,quintile ethnicity,area,quintile quintile,ethnicity ethnicity,disability migration,area disability,disability_ch disability_ch,migration disability_ch,quintile disability_ch,ethnicity",0
formalidad_1,FALSE,laboral,pct,formal_ci==1,pea==1,"sex,area,ethnicity,disability,isoalpha3,year","disability,migration quintile,migration ethnicity,migration disability,quintile ethnicity,area,quintile quintile,ethnicity ethnicity,disability migration,area age_lmk,migration age_lmk,disability age_lmk,area,ethnicity age_15_64_lmk,migration age_15_64_lmk,disability age_15_64_lmk,area,ethnicity age_15_29_lmk,migration age_15_29_lmk,disability age_15_29_lmk,area,ethnicity age_15_64_lmk,age_15_29_lmk age_15_64_lmk,age_lmk age_15_29_lmk,age_lmk",0
formalidad_2,FALSE,laboral,pct,formal_ci==1,condocup_ci==1,"sex,area,ethnicity,disability,isoalpha3,year","disability,migration quintile,migration ethnicity,migration disability,quintile ethnicity,area,quintile quintile,ethnicity ethnicity,disability migration,area age_lmk,migration age_lmk,disability age_lmk,area,ethnicity age_15_64_lmk,migration age_15_64_lmk,disability age_15_64_lmk,area,ethnicity age_15_29_lmk,migration age_15_29_lmk,disability age_15_29_lmk,area,ethnicity age_15_64_lmk,age_15_29_lmk age_15_64_lmk,age_lmk age_15_29_lmk,age_lmk",0
formalidad_3,FALSE,laboral,pct,formal_ci==1 & condocup_ci==1 & categopri_ci==3,condocup_ci==1 & categopri_ci==3,"sex,area,ethnicity,disability,isoalpha3,year","disability,migration quintile,migration ethnicity,migration disability,quintile ethnicity,area,quintile quintile,ethnicity ethnicity,disability migration,area age_lmk,migration age_lmk,disability age_lmk,area,ethnicity age_15_64_lmk,migration age_15_64_lmk,disability age_15_64_lmk,area,ethnicity age_15_29_lmk,migration age_15_29_lmk,disability age_15_29_lmk,area,ethnicity age_15_64_lmk,age_15_29_lmk age_15_64_lmk,age_lmk age_15_29_lmk,age_lmk",0
formalidad_4,FALSE,laboral,pct,formal_ci==1 & condocup_ci==1 & categopri_ci==2,condocup_ci==1 & categopri_ci==2,"sex,area,ethnicity,disability,isoalpha3,year","disability,migration quintile,migration ethnicity,migration disability,quintile ethnicity,area,quintile quintile,ethnicity ethnicity,disability migration,area age_lmk,migration age_lmk,disability age_lmk,area,ethnicity age_15_64_lmk,migration age_15_64_lmk,disability age_15_64_lmk,area,ethnicity age_15_29_lmk,migration age_15_29_lmk,disability age_15_29_lmk,area,ethnicity age_15_64_lmk,age_15_29_lmk age_15_64_lmk,age_lmk age_15_29_lmk,age_lmk",0
horas_trabajadas,FALSE,laboral,mean,horastot_ci,condocup_ci==1 &!is.na(horastot_ci),"sex,area,ethnicity,disability,isoalpha3,year","disability,migration quintile,migration ethnicity,migration disability,quintile ethnicity,area,quintile quintile,ethnicity ethnicity,disability migration,area age_lmk,migration age_lmk,disability age_lmk,area,ethnicity age_15_64_lmk,migration age_15_64_lmk,disability age_15_64_lmk,area,ethnicity age_15_29_lmk,migration age_15_29_lmk,disability age_15_29_lmk,area,ethnicity age_15_64_lmk,age_15_29_lmk age_15_64_lmk,age_lmk age_15_29_lmk,age_lmk",0
inglaboral_formales,FALSE,laboral,mean,ylmpri_ci,pea==1 & condocup_ci==1 & formal_ci==1,"sex,area,ethnicity,disability,isoalpha3,year","disability,migration quintile,migration ethnicity,migration disability,quintile ethnicity,area,quintile quintile,ethnicity ethnicity,disability migration,area age_lmk,migration age_lmk,disability age_lmk,area,ethnicity age_15_64_lmk,migration age_15_64_lmk,disability age_15_64_lmk,area,ethnicity age_15_29_lmk,migration age_15_29_lmk,disability age_15_29_lmk,area,ethnicity age_15_64_lmk,age_15_29_lmk age_15_64_lmk,age_lmk age_15_29_lmk,age_lmk",0
inglaboral_informales,FALSE,laboral,mean,ylmpri_ci,pea==1 & condocup_ci==1 & formal_ci==0,"sex,area,ethnicity,disability,isoalpha3,year","disability,migration quintile,migration ethnicity,migration disability,quintile ethnicity,area,quintile quintile,ethnicity ethnicity,disability migration,area age_lmk,migration age_lmk,disability age_lmk,area,ethnicity age_15_64_lmk,migration age_15_64_lmk,disability age_15_64_lmk,area,ethnicity age_15_29_lmk,migration age_15_29_lmk,disability age_15_29_lmk,area,ethnicity age_15_64_lmk,age_15_29_lmk age_15_64_lmk,age_lmk age_15_29_lmk,age_lmk",0
inglaboral_ppp_formales,FALSE,laboral,mean,ylmpri_ppp,pea==1 & condocup_ci==1 & formal_ci==1,"sex,area,ethnicity,disability,isoalpha3,year","disability,migration quintile,migration ethnicity,migration disability,quintile ethnicity,area,quintile quintile,ethnicity ethnicity,disability migration,area age_lmk,migration age_lmk,disability age_lmk,area,ethnicity age_15_64_lmk,migration age_15_64_lmk,disability age_15_64_lmk,area,ethnicity age_15_29_lmk,migration age_15_29_lmk,disability age_15_29_lmk,area,ethnicity age_15_64_lmk,age_15_29_lmk age_15_64_lmk,age_lmk age_15_29_lmk,age_lmk",0
inglaboral_ppp_informales,FALSE,laboral,mean,ylmpri_ppp,pea==1 & condocup_ci==1 & formal_ci==0,"sex,area,ethnicity,disability,isoalpha3,year","disability,migration quintile,migration ethnicity,migration disability,quintile ethnicity,area,quintile quintile,ethnicity ethnicity,disability migration,area age_lmk,migration age_lmk,disability age_lmk,area,ethnicity age_15_64_lmk,migration age_15_64_lmk,disability age_15_64_lmk,area,ethnicity age_15_29_lmk,migration age_15_29_lmk,disability age_15_29_lmk,area,ethnicity age_15_64_lmk,age_15_29_lmk age_15_64_lmk,age_lmk age_15_29_lmk,age_lmk",0
ingreso_hor_prom,FALSE,laboral,mean,hwage_ci,condocup_ci==1 & !is.na(hwage_ci),"sex,area,ethnicity,disability,isoalpha3,year","disability,migration quintile,migration ethnicity,migration disability,quintile ethnicity,area,quintile quintile,ethnicity ethnicity,disability migration,area age_lmk,migration age_lmk,disability age_lmk,area,ethnicity age_15_64_lmk,migration age_15_64_lmk,disability age_15_64_lmk,area,ethnicity age_15_29_lmk,migration age_15_29_lmk,disability age_15_29_lmk,area,ethnicity age_15_64_lmk,age_15_29_lmk age_15_64_lmk,age_lmk age_15_29_lmk,age_lmk",0
ingreso_hor_prom_ppp,FALSE,laboral,mean,hwage_ppp,condocup_ci==1 &!is.na(hwage_ppp),"sex,area,ethnicity,disability,isoalpha3,year","disability,migration quintile,migration ethnicity,migration disability,quintile ethnicity,area,quintile quintile,ethnicity ethnicity,disability migration,area age_lmk,migration age_lmk,disability age_lmk,area,ethnicity age_15_64_lmk,migration age_15_64_lmk,disability age_15_64_lmk,area,ethnicity age_15_29_lmk,migration age_15_29_lmk,disability age_15_29_lmk,area,ethnicity age_15_64_lmk,age_15_29_lmk age_15_64_lmk,age_lmk age_15_29_lmk,age_lmk",0
ingreso_mens_prom,FALSE,laboral,mean,ylab_ci,pea==1 & condocup_ci==1 & !is.na(ylab_ci) & ylab_ci!=0,"sex,area,ethnicity,disability,isoalpha3,year","disability,migration quintile,migration ethnicity,migration disability,quintile ethnicity,area,quintile quintile,ethnicity ethnicity,disability migration,area age_lmk,migration age_lmk,disability age_lmk,area,ethnicity age_15_64_lmk,migration age_15_64_lmk,disability age_15_64_lmk,area,ethnicity age_15_29_lmk,migration age_15_29_lmk,disability age_15_29_lmk,area,ethnicity age_15_64_lmk,age_15_29_lmk age_15_64_lmk,age_lmk age_15_29_lmk,age_lmk",0
ingreso_mens_prom_ppp,FALSE,laboral,mean,ylab_ppp,pea==1 & condocup_ci==1 & !is.na(ylab_ci) & ylab_ci!=0,"sex,area,ethnicity,disability,isoalpha3,year","disability,migration quintile,migration ethnicity,migration disability,quintile ethnicity,area,quintile quintile,ethnicity ethnicity,disability migration,area age_lmk,migration age_lmk,disability age_lmk,area,ethnicity age_15_64_lmk,migration age_15_64_lmk,disability age_15_64_lmk,area,ethnicity age_15_29_lmk,migration age_15_29_lmk,disability age_15_29_lmk,area,ethnicity age_15_64_lmk,age_15_29_lmk age_15_64_lmk,age_lmk age_15_29_lmk,age_lmk",0
ingreso_mens_prom_pri,FALSE,laboral,mean,ylmpri_ci, pea==1 & condocup_ci==1 & !is.na(ylab_ci) & ylab_ci!=0,"sex,area,ethnicity,disability,isoalpha3,year","disability,migration quintile,migration ethnicity,migration disability,quintile ethnicity,area,quintile quintile,ethnicity ethnicity,disability migration,area age_lmk,migration age_lmk,disability age_lmk,area,ethnicity age_15_64_lmk,migration age_15_64_lmk,disability age_15_64_lmk,area,ethnicity age_15_29_lmk,migration age_15_29_lmk,disability age_15_29_lmk,area,ethnicity age_15_64_lmk,age_15_29_lmk age_15_64_lmk,age_lmk age_15_29_lmk,age_lmk",0
ingreso_mens_prom_pri_ppp,FALSE,laboral,mean,ylmpri_ppp, pea==1 & condocup_ci==1 & !is.na(ylab_ci) & ylab_ci!=0,"sex,area,ethnicity,disability,isoalpha3,year","disability,migration quintile,migration ethnicity,migration disability,quintile ethnicity,area,quintile quintile,ethnicity ethnicity,disability migration,area age_lmk,migration age_lmk,disability age_lmk,area,ethnicity age_15_64_lmk,migration age_15_64_lmk,disability age_15_64_lmk,area,ethnicity age_15_29_lmk,migration age_15_29_lmk,disability age_15_29_lmk,area,ethnicity age_15_64_lmk,age_15_29_lmk age_15_64_lmk,age_lmk age_15_29_lmk,age_lmk",0
ocup_suf_salario,FALSE,laboral,pct,liv_wage==1,!is.na(liv_wage) & condocup_ci==1,"sex,area,ethnicity,disability,isoalpha3,year","disability,migration quintile,migration ethnicity,migration disability,quintile ethnicity,area,quintile quintile,ethnicity ethnicity,disability migration,area age_lmk,migration age_lmk,disability age_lmk,area,ethnicity age_15_64_lmk,migration age_15_64_lmk,disability age_15_64_lmk,area,ethnicity age_15_29_lmk,migration age_15_29_lmk,disability age_15_29_lmk,area,ethnicity age_15_64_lmk,age_15_29_lmk age_15_64_lmk,age_lmk age_15_29_lmk,age_lmk",0
pensionista_65_mas,FALSE,laboral,pct,pensiont_ci==1,"age_lmk==""age_65_mas""","sex,area,ethnicity,disability,isoalpha3,year","disability,migration quintile,migration ethnicity,migration disability,quintile ethnicity,area,quintile quintile,ethnicity ethnicity,disability migration,area age_lmk,migration age_lmk,disability age_lmk,area,ethnicity age_15_64_lmk,migration age_15_64_lmk,disability age_15_64_lmk,area,ethnicity age_15_29_lmk,migration age_15_29_lmk,disability age_15_29_lmk,area,ethnicity age_15_64_lmk,age_15_29_lmk age_15_64_lmk,age_lmk age_15_29_lmk,age_lmk",0
pensionista_cont_65_mas,FALSE,laboral,pct,pension_ci==1,"age_lmk==""age_65_mas""","sex,area,ethnicity,disability,isoalpha3,year","disability,migration quintile,migration ethnicity,migration disability,quintile ethnicity,area,quintile quintile,ethnicity ethnicity,disability migration,area age_lmk,migration age_lmk,disability age_lmk,area,ethnicity age_15_64_lmk,migration age_15_64_lmk,disability age_15_64_lmk,area,ethnicity age_15_29_lmk,migration age_15_29_lmk,disability age_15_29_lmk,area,ethnicity age_15_64_lmk,age_15_29_lmk age_15_64_lmk,age_lmk age_15_29_lmk,age_lmk",0
pensionista_nocont_65_mas,FALSE,laboral,pct,pensionsub_ci==1,"age_lmk==""age_65_mas""","sex,area,ethnicity,disability,isoalpha3,year","disability,migration quintile,migration ethnicity,migration disability,quintile ethnicity,area,quintile quintile,ethnicity ethnicity,disability migration,area age_lmk,migration age_lmk,disability age_lmk,area,ethnicity age_15_64_lmk,migration age_15_64_lmk,disability age_15_64_lmk,area,ethnicity age_15_29_lmk,migration age_15_29_lmk,disability age_15_29_lmk,area,ethnicity age_15_64_lmk,age_15_29_lmk age_15_64_lmk,age_lmk age_15_29_lmk,age_lmk",0
pensionista_ocup_65_mas,FALSE,laboral,pct,pensiont_ci==1,"age_lmk==""age_65_mas"" & condocup_ci==1","sex,area,ethnicity,disability,isoalpha3,year","disability,migration quintile,migration ethnicity,migration disability,quintile ethnicity,area,quintile quintile,ethnicity ethnicity,disability migration,area age_lmk,migration age_lmk,disability age_lmk,area,ethnicity age_15_64_lmk,migration age_15_64_lmk,disability age_15_64_lmk,area,ethnicity age_15_29_lmk,migration age_15_29_lmk,disability age_15_29_lmk,area,ethnicity age_15_64_lmk,age_15_29_lmk age_15_64_lmk,age_lmk age_15_29_lmk,age_lmk",0
sal_menor_salmin,FALSE,laboral,pct,menorwmin==1,condocup_ci==1,"sex,area,ethnicity,disability,isoalpha3,year","disability,migration quintile,migration ethnicity,migration disability,quintile ethnicity,area,quintile quintile,ethnicity ethnicity,disability migration,area age_lmk,migration age_lmk,disability age_lmk,area,ethnicity age_15_64_lmk,migration age_15_64_lmk,disability age_15_64_lmk,area,ethnicity age_15_29_lmk,migration age_15_29_lmk,disability age_15_29_lmk,area,ethnicity age_15_64_lmk,age_15_29_lmk age_15_64_lmk,age_lmk age_15_29_lmk,age_lmk",0
salmin_hora,FALSE,laboral,mean,hsmin_ci,condocup_ci==1 & !is.na(hsmin_ci),"sex,area,ethnicity,disability,isoalpha3,year","disability,migration quintile,migration ethnicity,migration disability,quintile ethnicity,area,quintile quintile,ethnicity ethnicity,disability migration,area age_lmk,migration age_lmk,disability age_lmk,area,ethnicity age_15_64_lmk,migration age_15_64_lmk,disability age_15_64_lmk,area,ethnicity age_15_29_lmk,migration age_15_29_lmk,disability age_15_29_lmk,area,ethnicity age_15_64_lmk,age_15_29_lmk age_15_64_lmk,age_lmk age_15_29_lmk,age_lmk",0
salmin_mes,FALSE,laboral,mean,salmm_ci,pea==1 & condocup_ci==1 & !is.na(salmm_ci),"sex,area,ethnicity,disability,isoalpha3,year","disability,migration quintile,migration ethnicity,migration disability,quintile ethnicity,area,quintile quintile,ethnicity ethnicity,disability migration,area age_lmk,migration age_lmk,disability age_lmk,area,ethnicity age_15_64_lmk,migration age_15_64_lmk,disability age_15_64_lmk,area,ethnicity age_15_29_lmk,migration age_15_29_lmk,disability age_15_29_lmk,area,ethnicity age_15_64_lmk,age_15_29_lmk age_15_64_lmk,age_lmk age_15_29_lmk,age_lmk",0
salminhora_ppp,FALSE,laboral,mean,hsmin_ppp,condocup_ci==1 & !is.na(hsmin_ppp),"sex,area,ethnicity,disability,isoalpha3,year","disability,migration quintile,migration ethnicity,migration disability,quintile ethnicity,area,quintile quintile,ethnicity ethnicity,disability migration,area age_lmk,migration age_lmk,disability age_lmk,area,ethnicity age_15_64_lmk,migration age_15_64_lmk,disability age_15_64_lmk,area,ethnicity age_15_29_lmk,migration age_15_29_lmk,disability age_15_29_lmk,area,ethnicity age_15_64_lmk,age_15_29_lmk age_15_64_lmk,age_lmk age_15_29_lmk,age_lmk",0
salminmes_ppp,FALSE,laboral,mean,salmm_ppp,pea==1 & condocup_ci==1 &!is.na(salmm_ppp),"sex,area,ethnicity,disability,isoalpha3,year","disability,migration quintile,migration ethnicity,migration disability,quintile ethnicity,area,quintile quintile,ethnicity ethnicity,disability migration,area age_lmk,migration age_lmk,disability age_lmk,area,ethnicity age_15_64_lmk,migration age_15_64_lmk,disability age_15_64_lmk,area,ethnicity age_15_29_lmk,migration age_15_29_lmk,disability age_15_29_lmk,area,ethnicity age_15_64_lmk,age_15_29_lmk age_15_64_lmk,age_lmk age_15_29_lmk,age_lmk",0
saltotal_menor_salmin,FALSE,laboral,pct,menorwmin1==1,condocup_ci==1,"sex,area,ethnicity,disability,isoalpha3,year","disability,migration quintile,migration ethnicity,migration disability,quintile ethnicity,area,quintile quintile,ethnicity ethnicity,disability migration,area age_lmk,migration age_lmk,disability age_lmk,area,ethnicity age_15_64_lmk,migration age_15_64_lmk,disability age_15_64_lmk,area,ethnicity age_15_29_lmk,migration age_15_29_lmk,disability age_15_29_lmk,area,ethnicity age_15_64_lmk,age_15_29_lmk age_15_64_lmk,age_lmk age_15_29_lmk,age_lmk",0
subempleo,FALSE,laboral,pct,subemp_ci==1,condocup_ci==1,"sex,area,ethnicity,disability,isoalpha3,year","disability,migration quintile,migration ethnicity,migration disability,quintile ethnicity,area,quintile quintile,ethnicity ethnicity,disability migration,area age_lmk,migration age_lmk,disability age_lmk,area,ethnicity age_15_64_lmk,migration age_15_64_lmk,disability age_15_64_lmk,area,ethnicity age_15_29_lmk,migration age_15_29_lmk,disability age_15_29_lmk,area,ethnicity age_15_64_lmk,age_15_29_lmk age_15_64_lmk,age_lmk age_15_29_lmk,age_lmk",0
tasa_administrativo,Test,laboral,pct,administrativo==1,condocup_ci==1,"sex,area,ethnicity,disability,isoalpha3,year","disability,migration quintile,migration ethnicity,migration disability,quintile ethnicity,area,quintile quintile,ethnicity ethnicity,disability migration,area age_lmk,migration age_lmk,disability age_lmk,area,ethnicity age_15_64_lmk,migration age_15_64_lmk,disability age_15_64_lmk,area,ethnicity age_15_29_lmk,migration age_15_29_lmk,disability age_15_29_lmk,area,ethnicity age_15_64_lmk,age_15_29_lmk age_15_64_lmk,age_lmk age_15_29_lmk,age_lmk",0
tasa_agro,Test,laboral,pct,agro==1,condocup_ci==1,"sex,ethnicity,disability,disability_ch,isoalpha3,year","disability,migration quintile,migration ethnicity,migration disability,quintile ethnicity,area,quintile quintile,ethnicity ethnicity,disability migration,area disability,disability_ch disability_ch,migration disability_ch,quintile disability_ch,ethnicity",0
tasa_antiguedad_1_asal,FALSE,laboral,pct,t1yrasal==1,condocup_ci==1 & categopri_ci==3,"sex,area,ethnicity,disability,isoalpha3,year","disability,migration quintile,migration ethnicity,migration disability,quintile ethnicity,area,quintile quintile,ethnicity ethnicity,disability migration,area age_lmk,migration age_lmk,disability age_lmk,area,ethnicity age_15_64_lmk,migration age_15_64_lmk,disability age_15_64_lmk,area,ethnicity age_15_29_lmk,migration age_15_29_lmk,disability age_15_29_lmk,area,ethnicity age_15_64_lmk,age_15_29_lmk age_15_64_lmk,age_lmk age_15_29_lmk,age_lmk",0
tasa_antiguedad_1_ctapropia,FALSE,laboral,pct,t1yrctapr==1,condocup_ci==1  & categopri_ci==2,"sex,area,ethnicity,disability,isoalpha3,year","disability,migration quintile,migration ethnicity,migration disability,quintile ethnicity,area,quintile quintile,ethnicity ethnicity,disability migration,area age_lmk,migration age_lmk,disability age_lmk,area,ethnicity age_15_64_lmk,migration age_15_64_lmk,disability age_15_64_lmk,area,ethnicity age_15_29_lmk,migration age_15_29_lmk,disability age_15_29_lmk,area,ethnicity age_15_64_lmk,age_15_29_lmk age_15_64_lmk,age_lmk age_15_29_lmk,age_lmk",0
tasa_antiguedad_1_ocup,FALSE,laboral,pct,t1yr==1,condocup_ci==1,"sex,area,ethnicity,disability,isoalpha3,year","disability,migration quintile,migration ethnicity,migration disability,quintile ethnicity,area,quintile quintile,ethnicity ethnicity,disability migration,area age_lmk,migration age_lmk,disability age_lmk,area,ethnicity age_15_64_lmk,migration age_15_64_lmk,disability age_15_64_lmk,area,ethnicity age_15_29_lmk,migration age_15_29_lmk,disability age_15_29_lmk,area,ethnicity age_15_64_lmk,age_15_29_lmk age_15_64_lmk,age_lmk age_15_29_lmk,age_lmk",0
tasa_antiguedad_1a5_asal,FALSE,laboral,pct,t1a5yrasal==1,condocup_ci==1 & categopri_ci==3,"sex,area,ethnicity,disability,isoalpha3,year","disability,migration quintile,migration ethnicity,migration disability,quintile ethnicity,area,quintile quintile,ethnicity ethnicity,disability migration,area age_lmk,migration age_lmk,disability age_lmk,area,ethnicity age_15_64_lmk,migration age_15_64_lmk,disability age_15_64_lmk,area,ethnicity age_15_29_lmk,migration age_15_29_lmk,disability age_15_29_lmk,area,ethnicity age_15_64_lmk,age_15_29_lmk age_15_64_lmk,age_lmk age_15_29_lmk,age_lmk",0
tasa_antiguedad_1a5_ctapropia,FALSE,laboral,pct,t1a5yrctapr==1,condocup_ci==1 & categopri_ci==2,"sex,area,ethnicity,disability,isoalpha3,year","disability,migration quintile,migration ethnicity,migration disability,quintile ethnicity,area,quintile quintile,ethnicity ethnicity,disability migration,area age_lmk,migration age_lmk,disability age_lmk,area,ethnicity age_15_64_lmk,migration age_15_64_lmk,disability age_15_64_lmk,area,ethnicity age_15_29_lmk,migration age_15_29_lmk,disability age_15_29_lmk,area,ethnicity age_15_64_lmk,age_15_29_lmk age_15_64_lmk,age_lmk age_15_29_lmk,age_lmk",0
tasa_antiguedad_1a5_ocup,FALSE,laboral,pct,t1a5yr==1,condocup_ci==1,"sex,area,ethnicity,disability,isoalpha3,year","disability,migration quintile,migration ethnicity,migration disability,quintile ethnicity,area,quintile quintile,ethnicity ethnicity,disability migration,area age_lmk,migration age_lmk,disability age_lmk,area,ethnicity age_15_64_lmk,migration age_15_64_lmk,disability age_15_64_lmk,area,ethnicity age_15_29_lmk,migration age_15_29_lmk,disability age_15_29_lmk,area,ethnicity age_15_64_lmk,age_15_29_lmk age_15_64_lmk,age_lmk age_15_29_lmk,age_lmk",0
tasa_antiguedad_5mas_asal,FALSE,laboral,pct,t5yrasal==1,condocup_ci==1 & categopri_ci==3,"sex,area,ethnicity,disability,isoalpha3,year","disability,migration quintile,migration ethnicity,migration disability,quintile ethnicity,area,quintile quintile,ethnicity ethnicity,disability migration,area age_lmk,migration age_lmk,disability age_lmk,area,ethnicity age_15_64_lmk,migration age_15_64_lmk,disability age_15_64_lmk,area,ethnicity age_15_29_lmk,migration age_15_29_lmk,disability age_15_29_lmk,area,ethnicity age_15_64_lmk,age_15_29_lmk age_15_64_lmk,age_lmk age_15_29_lmk,age_lmk",0
tasa_antiguedad_5mas_ctapropia,FALSE,laboral,pct,t5yrctapr==1,condocup_ci==1 & categopri_ci==2,"sex,area,ethnicity,disability,isoalpha3,year","disability,migration quintile,migration ethnicity,migration disability,quintile ethnicity,area,quintile quintile,ethnicity ethnicity,disability migration,area age_lmk,migration age_lmk,disability age_lmk,area,ethnicity age_15_64_lmk,migration age_15_64_lmk,disability age_15_64_lmk,area,ethnicity age_15_29_lmk,migration age_15_29_lmk,disability age_15_29_lmk,area,ethnicity age_15_64_lmk,age_15_29_lmk age_15_64_lmk,age_lmk age_15_29_lmk,age_lmk",0
tasa_antiguedad_5mas_ocup,FALSE,laboral,pct,t5yr==1,condocup_ci==1,"sex,area,ethnicity,disability,isoalpha3,year","disability,migration quintile,migration ethnicity,migration disability,quintile ethnicity,area,quintile quintile,ethnicity ethnicity,disability migration,area age_lmk,migration age_lmk,disability age_lmk,area,ethnicity age_15_64_lmk,migration age_15_64_lmk,disability age_15_64_lmk,area,ethnicity age_15_29_lmk,migration age_15_29_lmk,disability age_15_29_lmk,area,ethnicity age_15_64_lmk,age_15_29_lmk age_15_64_lmk,age_lmk age_15_29_lmk,age_lmk",0
tasa_asal1yrtenure,FALSE,laboral,pct,asal1yrtenure==1,pet==1 & condocup_ci==1,"sex,area,ethnicity,disability,isoalpha3,year","disability,migration quintile,migration ethnicity,migration disability,quintile ethnicity,area,quintile quintile,ethnicity ethnicity,disability migration,area age_lmk,migration age_lmk,disability age_lmk,area,ethnicity age_15_64_lmk,migration age_15_64_lmk,disability age_15_64_lmk,area,ethnicity age_15_29_lmk,migration age_15_29_lmk,disability age_15_29_lmk,area,ethnicity age_15_64_lmk,age_15_29_lmk age_15_64_lmk,age_lmk age_15_29_lmk,age_lmk",0
tasa_asalariados,FALSE,laboral,pct,asalariado==1,condocup_ci==1,"sex,area,ethnicity,disability,isoalpha3,year","disability,migration quintile,migration ethnicity,migration disability,quintile ethnicity,area,quintile quintile,ethnicity ethnicity,disability migration,area age_lmk,migration age_lmk,disability age_lmk,area,ethnicity age_15_64_lmk,migration age_15_64_lmk,disability age_15_64_lmk,area,ethnicity age_15_29_lmk,migration age_15_29_lmk,disability age_15_29_lmk,area,ethnicity age_15_64_lmk,age_15_29_lmk age_15_64_lmk,age_lmk age_15_29_lmk,age_lmk",0
tasa_comerciantes,Test,laboral,pct,comerciantes==1,condocup_ci==1,"sex,area,ethnicity,disability,isoalpha3,year","disability,migration quintile,migration ethnicity,migration disability,quintile ethnicity,area,quintile quintile,ethnicity ethnicity,disability migration,area age_lmk,migration age_lmk,disability age_lmk,area,ethnicity age_15_64_lmk,migration age_15_64_lmk,disability age_15_64_lmk,area,ethnicity age_15_29_lmk,migration age_15_29_lmk,disability age_15_29_lmk,area,ethnicity age_15_64_lmk,age_15_29_lmk age_15_64_lmk,age_lmk age_15_29_lmk,age_lmk",0
tasa_comercio,Test,laboral,pct,comercio==1,condocup_ci==1,"sex,ethnicity,disability,disability_ch,isoalpha3,year","disability,migration quintile,migration ethnicity,migration disability,quintile ethnicity,area,quintile quintile,ethnicity ethnicity,disability migration,area disability,disability_ch disability_ch,migration disability_ch,quintile disability_ch,ethnicity",0
tasa_construccion,Test,laboral,pct,construccion==1,condocup_ci==1,"sex,ethnicity,disability,disability_ch,isoalpha3,year","disability,migration quintile,migration ethnicity,migration disability,quintile ethnicity,area,quintile quintile,ethnicity ethnicity,disability migration,area disability,disability_ch disability_ch,migration disability_ch,quintile disability_ch,ethnicity",0
tasa_contrato_fijo,FALSE,laboral,pct,contratofijo==1,pea==1 & condocup_ci==1 & categopri_ci==3,"sex,area,ethnicity,disability,isoalpha3,year","disability,migration quintile,migration ethnicity,migration disability,quintile ethnicity,area,quintile quintile,ethnicity ethnicity,disability migration,area age_lmk,migration age_lmk,disability age_lmk,area,ethnicity age_15_64_lmk,migration age_15_64_lmk,disability age_15_64_lmk,area,ethnicity age_15_29_lmk,migration age_15_29_lmk,disability age_15_29_lmk,area,ethnicity age_15_64_lmk,age_15_29_lmk age_15_64_lmk,age_lmk age_15_29_lmk,age_lmk",0
tasa_contrato_indefinido,FALSE,laboral,pct,contratoindef==1,pea==1 & condocup_ci==1 & categopri_ci==3,"sex,area,ethnicity,disability,isoalpha3,year","disability,migration quintile,migration ethnicity,migration disability,quintile ethnicity,area,quintile quintile,ethnicity ethnicity,disability migration,area age_lmk,migration age_lmk,disability age_lmk,area,ethnicity age_15_64_lmk,migration age_15_64_lmk,disability age_15_64_lmk,area,ethnicity age_15_29_lmk,migration age_15_29_lmk,disability age_15_29_lmk,area,ethnicity age_15_64_lmk,age_15_29_lmk age_15_64_lmk,age_lmk age_15_29_lmk,age_lmk",0
tasa_sincontrato,FALSE,laboral,pct,sincontrato==1,pea==1 & condocup_ci==1 & categopri_ci==3,"sex,area,ethnicity,disability,isoalpha3,year","disability,migration quintile,migration ethnicity,migration disability,quintile ethnicity,area,quintile quintile,ethnicity ethnicity,disability migration,area age_lmk,migration age_lmk,disability age_lmk,area,ethnicity age_15_64_lmk,migration age_15_64_lmk,disability age_15_64_lmk,area,ethnicity age_15_29_lmk,migration age_15_29_lmk,disability age_15_29_lmk,area,ethnicity age_15_64_lmk,age_15_29_lmk age_15_64_lmk,age_lmk age_15_29_lmk,age_lmk",0
tasa_ctapr1yrtenure,FALSE,laboral,pct,ctapr1yrtenure==1,pet==1 & condocup_ci==1,"sex,area,ethnicity,disability,isoalpha3,year","disability,migration quintile,migration ethnicity,migration disability,quintile ethnicity,area,quintile quintile,ethnicity ethnicity,disability migration,area age_lmk,migration age_lmk,disability age_lmk,area,ethnicity age_15_64_lmk,migration age_15_64_lmk,disability age_15_64_lmk,area,ethnicity age_15_29_lmk,migration age_15_29_lmk,disability age_15_29_lmk,area,ethnicity age_15_64_lmk,age_15_29_lmk age_15_64_lmk,age_lmk age_15_29_lmk,age_lmk",0
tasa_desemp_aspi,FALSE,laboral,pct,aspirante==1,condocup_ci==2 & pea==1,"sex,area,ethnicity,disability,isoalpha3,year","disability,migration quintile,migration ethnicity,migration disability,quintile ethnicity,area,quintile quintile,ethnicity ethnicity,disability migration,area age_lmk,migration age_lmk,disability age_lmk,area,ethnicity age_15_64_lmk,migration age_15_64_lmk,disability age_15_64_lmk,area,ethnicity age_15_29_lmk,migration age_15_29_lmk,disability age_15_29_lmk,area,ethnicity age_15_64_lmk,age_15_29_lmk age_15_64_lmk,age_lmk age_15_29_lmk,age_lmk",0
tasa_desemp_cesa,FALSE,laboral,pct,cesante_ci==1,condocup_ci==2,"sex,area,ethnicity,disability,isoalpha3,year","disability,migration quintile,migration ethnicity,migration disability,quintile ethnicity,area,quintile quintile,ethnicity ethnicity,disability migration,area age_lmk,migration age_lmk,disability age_lmk,area,ethnicity age_15_64_lmk,migration age_15_64_lmk,disability age_15_64_lmk,area,ethnicity age_15_29_lmk,migration age_15_29_lmk,disability age_15_29_lmk,area,ethnicity age_15_64_lmk,age_15_29_lmk age_15_64_lmk,age_lmk age_15_29_lmk,age_lmk",0
tasa_desemp_ldur,FALSE,laboral,pct,desemplp_ci==1,pea==1,"sex,area,ethnicity,disability,isoalpha3,year","disability,migration quintile,migration ethnicity,migration disability,quintile ethnicity,area,quintile quintile,ethnicity ethnicity,disability migration,area age_lmk,migration age_lmk,disability age_lmk,area,ethnicity age_15_64_lmk,migration age_15_64_lmk,disability age_15_64_lmk,area,ethnicity age_15_29_lmk,migration age_15_29_lmk,disability age_15_29_lmk,area,ethnicity age_15_64_lmk,age_15_29_lmk age_15_64_lmk,age_lmk age_15_29_lmk,age_lmk",0
tasa_desocupacion,Test,laboral,pct,condocup_ci==2,pea==1,"sex,ethnicity,disability,disability_ch,isoalpha3,year","disability,migration quintile,migration ethnicity,migration disability,quintile ethnicity,area,quintile quintile,ethnicity ethnicity,disability migration,area disability,disability_ch disability_ch,migration disability_ch,quintile disability_ch,ethnicity",0
tasa_director,Test,laboral,pct,director==1,condocup_ci==1,"sex,area,ethnicity,disability,isoalpha3,year","disability,migration quintile,migration ethnicity,migration disability,quintile ethnicity,area,quintile quintile,ethnicity ethnicity,disability migration,area age_lmk,migration age_lmk,disability age_lmk,area,ethnicity age_15_64_lmk,migration age_15_64_lmk,disability age_15_64_lmk,area,ethnicity age_15_29_lmk,migration age_15_29_lmk,disability age_15_29_lmk,area,ethnicity age_15_64_lmk,age_15_29_lmk age_15_64_lmk,age_lmk age_15_29_lmk,age_lmk",0
tasa_ffaa,FALSE,laboral,pct,ffaa==1,condocup_ci==1,"sex,area,ethnicity,disability,isoalpha3,year","disability,migration quintile,migration ethnicity,migration disability,quintile ethnicity,area,quintile quintile,ethnicity ethnicity,disability migration,area age_lmk,migration age_lmk,disability age_lmk,area,ethnicity age_15_64_lmk,migration age_15_64_lmk,disability age_15_64_lmk,area,ethnicity age_15_29_lmk,migration age_15_29_lmk,disability age_15_29_lmk,area,ethnicity age_15_64_lmk,age_15_29_lmk age_15_64_lmk,age_lmk age_15_29_lmk,age_lmk",0
tasa_financiero,Test,laboral,pct,financiero==1,condocup_ci==1,"sex,ethnicity,disability,disability_ch,isoalpha3,year","disability,migration quintile,migration ethnicity,migration disability,quintile ethnicity,area,quintile quintile,ethnicity ethnicity,disability migration,area disability,disability_ch disability_ch,migration disability_ch,quintile disability_ch,ethnicity",0
tasa_inactivos,FALSE,laboral,pct,condocup_ci==3 & pet==1 ,pet==1 & !is.na(condocup_ci),"sex,area,ethnicity,disability,isoalpha3,year","disability,migration quintile,migration ethnicity,migration disability,quintile ethnicity,area,quintile quintile,ethnicity ethnicity,disability migration,area age_lmk,migration age_lmk,disability age_lmk,area,ethnicity age_15_64_lmk,migration age_15_64_lmk,disability age_15_64_lmk,area,ethnicity age_15_29_lmk,migration age_15_29_lmk,disability age_15_29_lmk,area,ethnicity age_15_64_lmk,age_15_29_lmk age_15_64_lmk,age_lmk age_15_29_lmk,age_lmk",0
tasa_independientes,Test,laboral,pct,ctapropia==1,condocup_ci==1,"sex,ethnicity,disability,disability_ch,isoalpha3,year","disability,migration quintile,migration ethnicity,migration disability,quintile ethnicity,area,quintile quintile,ethnicity ethnicity,disability migration,area disability,disability_ch disability_ch,migration disability_ch,quintile disability_ch,ethnicity",0
tasa_industria,Test,laboral,pct,industria==1,condocup_ci==1,"sex,ethnicity,disability,disability_ch,isoalpha3,year","disability,migration quintile,migration ethnicity,migration disability,quintile ethnicity,area,quintile quintile,ethnicity ethnicity,disability migration,area disability,disability_ch disability_ch,migration disability_ch,quintile disability_ch,ethnicity",0
tasa_minas,Test,laboral,pct,minas==1,condocup_ci==1,"sex,ethnicity,disability,disability_ch,isoalpha3,year","disability,migration quintile,migration ethnicity,migration disability,quintile ethnicity,area,quintile quintile,ethnicity ethnicity,disability migration,area disability,disability_ch disability_ch,migration disability_ch,quintile disability_ch,ethnicity",0
tasa_obreros,Test,laboral,pct,obreros==1,condocup_ci==1,"sex,area,ethnicity,disability,isoalpha3,year","disability,migration quintile,migration ethnicity,migration disability,quintile ethnicity,area,quintile quintile,ethnicity ethnicity,disability migration,area age_lmk,migration age_lmk,disability age_lmk,area,ethnicity age_15_64_lmk,migration age_15_64_lmk,disability age_15_64_lmk,area,ethnicity age_15_29_lmk,migration age_15_29_lmk,disability age_15_29_lmk,area,ethnicity age_15_64_lmk,age_15_29_lmk age_15_64_lmk,age_lmk age_15_29_lmk,age_lmk",0
tasa_ocupacion,Test,laboral,pct,condocup_ci==1 & pet==1 ,pet==1 & !is.na(condocup_ci),"sex,ethnicity,disability,disability_ch,isoalpha3,year","disability,migration quintile,migration ethnicity,migration disability,quintile ethnicity,area,quintile quintile,ethnicity ethnicity,disability migration,area disability,disability_ch disability_ch,migration disability_ch,quintile disability_ch,ethnicity",0
tasa_otra_ocupacion,FALSE,laboral,pct,otraocup_ci==1,pea==1 & condocup_ci==1,"sex,area,ethnicity,disability,isoalpha3,year","disability,migration quintile,migration ethnicity,migration disability,quintile ethnicity,area,quintile quintile,ethnicity ethnicity,disability migration,area age_lmk,migration age_lmk,disability age_lmk,area,ethnicity age_15_64_lmk,migration age_15_64_lmk,disability age_15_64_lmk,area,ethnicity age_15_29_lmk,migration age_15_29_lmk,disability age_15_29_lmk,area,ethnicity age_15_64_lmk,age_15_29_lmk age_15_64_lmk,age_lmk age_15_29_lmk,age_lmk",0
tasa_otrostrab,Test,laboral,pct,otrostrab==1,condocup_ci==1,"sex,area,ethnicity,disability,isoalpha3,year","disability,migration quintile,migration ethnicity,migration disability,quintile ethnicity,area,quintile quintile,ethnicity ethnicity,disability migration,area age_lmk,migration age_lmk,disability age_lmk,area,ethnicity age_15_64_lmk,migration age_15_64_lmk,disability age_15_64_lmk,area,ethnicity age_15_29_lmk,migration age_15_29_lmk,disability age_15_29_lmk,area,ethnicity age_15_64_lmk,age_15_29_lmk age_15_64_lmk,age_lmk age_15_29_lmk,age_lmk",0
tasa_participacion,FALSE,laboral,pct,pea==1,pet==1,"sex,area,ethnicity,disability,isoalpha3,year","disability,migration quintile,migration ethnicity,migration disability,quintile ethnicity,area,quintile quintile,ethnicity ethnicity,disability migration,area age_lmk,migration age_lmk,disability age_lmk,area,ethnicity age_15_64_lmk,migration age_15_64_lmk,disability age_15_64_lmk,area,ethnicity age_15_29_lmk,migration age_15_29_lmk,disability age_15_29_lmk,area,ethnicity age_15_64_lmk,age_15_29_lmk age_15_64_lmk,age_lmk age_15_29_lmk,age_lmk",0
tasa_patron1yrtenure,FALSE,laboral,pct,patron1yrtenure==1,pet==1 & condocup_ci==1,"sex,area,ethnicity,disability,isoalpha3,year","disability,migration quintile,migration ethnicity,migration disability,quintile ethnicity,area,quintile quintile,ethnicity ethnicity,disability migration,area age_lmk,migration age_lmk,disability age_lmk,area,ethnicity age_15_64_lmk,migration age_15_64_lmk,disability age_15_64_lmk,area,ethnicity age_15_29_lmk,migration age_15_29_lmk,disability age_15_29_lmk,area,ethnicity age_15_64_lmk,age_15_29_lmk age_15_64_lmk,age_lmk age_15_29_lmk,age_lmk",0
tasa_patrones,Test,laboral,pct,patron==1,condocup_ci==1,"sex,ethnicity,disability,disability_ch,isoalpha3,year","disability,migration quintile,migration ethnicity,migration disability,quintile ethnicity,area,quintile quintile,ethnicity ethnicity,disability migration,area disability,disability_ch disability_ch,migration disability_ch,quintile disability_ch,ethnicity",0
tasa_pea,FALSE,laboral,pct,pea==1,!is.na(pea),"sex,area,ethnicity,disability,isoalpha3,year","disability,migration quintile,migration ethnicity,migration disability,quintile ethnicity,area,quintile quintile,ethnicity ethnicity,disability migration,area age_lmk,migration age_lmk,disability age_lmk,area,ethnicity age_15_64_lmk,migration age_15_64_lmk,disability age_15_64_lmk,area,ethnicity age_15_29_lmk,migration age_15_29_lmk,disability age_15_29_lmk,area,ethnicity age_15_64_lmk,age_15_29_lmk age_15_64_lmk,age_lmk age_15_29_lmk,age_lmk",0
tasa_pension_menor_salmin,FALSE,laboral,pct,"pensionwmin_ci==1 & age_lmk==""age_65_mas""","age_lmk==""age_65_mas""","sex,area,ethnicity,disability,isoalpha3,year","disability,migration quintile,migration ethnicity,migration disability,quintile ethnicity,area,quintile quintile,ethnicity ethnicity,disability migration,area age_lmk,migration age_lmk,disability age_lmk,area,ethnicity age_15_64_lmk,migration age_15_64_lmk,disability age_15_64_lmk,area,ethnicity age_15_29_lmk,migration age_15_29_lmk,disability age_15_29_lmk,area,ethnicity age_15_64_lmk,age_15_29_lmk age_15_64_lmk,age_lmk age_15_29_lmk,age_lmk",0
tasa_pet,FALSE,laboral,pct,pet==1,npers==1,"sex,area,ethnicity,disability,isoalpha3,year","disability,migration quintile,migration ethnicity,migration disability,quintile ethnicity,area,quintile quintile,ethnicity ethnicity,disability migration,area age_lmk,migration age_lmk,disability age_lmk,area,ethnicity age_15_64_lmk,migration age_15_64_lmk,disability age_15_64_lmk,area,ethnicity age_15_29_lmk,migration age_15_29_lmk,disability age_15_29_lmk,area,ethnicity age_15_64_lmk,age_15_29_lmk age_15_64_lmk,age_lmk age_15_29_lmk,age_lmk",0
tasa_profestecnico,Test,laboral,pct,profestecnico==1,condocup_ci==1,"sex,area,ethnicity,disability,isoalpha3,year","disability,migration quintile,migration ethnicity,migration disability,quintile ethnicity,area,quintile quintile,ethnicity ethnicity,disability migration,area age_lmk,migration age_lmk,disability age_lmk,area,ethnicity age_15_64_lmk,migration age_15_64_lmk,disability age_15_64_lmk,area,ethnicity age_15_29_lmk,migration age_15_29_lmk,disability age_15_29_lmk,area,ethnicity age_15_64_lmk,age_15_29_lmk age_15_64_lmk,age_lmk age_15_29_lmk,age_lmk",0
tasa_servicios,Test,laboral,pct,servicios==1,condocup_ci==1,"sex,ethnicity,disability,disability_ch,isoalpha3,year","disability,migration quintile,migration ethnicity,migration disability,quintile ethnicity,area,quintile quintile,ethnicity ethnicity,disability migration,area disability,disability_ch disability_ch,migration disability_ch,quintile disability_ch,ethnicity",0
tasa_sinrem1yrtenure,FALSE,laboral,pct,sinrem1yrtenure==1,pet==1 & condocup_ci==1,"sex,area,ethnicity,disability,isoalpha3,year","disability,migration quintile,migration ethnicity,migration disability,quintile ethnicity,area,quintile quintile,ethnicity ethnicity,disability migration,area age_lmk,migration age_lmk,disability age_lmk,area,ethnicity age_15_64_lmk,migration age_15_64_lmk,disability age_15_64_lmk,area,ethnicity age_15_29_lmk,migration age_15_29_lmk,disability age_15_29_lmk,area,ethnicity age_15_64_lmk,age_15_29_lmk age_15_64_lmk,age_lmk age_15_29_lmk,age_lmk",0
tasa_sinremuneracion,FALSE,laboral,pct,sinremuner==1,condocup_ci==1,"sex,area,ethnicity,disability,isoalpha3,year","disability,migration quintile,migration ethnicity,migration disability,quintile ethnicity,area,quintile quintile,ethnicity ethnicity,disability migration,area age_lmk,migration age_lmk,disability age_lmk,area,ethnicity age_15_64_lmk,migration age_15_64_lmk,disability age_15_64_lmk,area,ethnicity age_15_29_lmk,migration age_15_29_lmk,disability age_15_29_lmk,area,ethnicity age_15_64_lmk,age_15_29_lmk age_15_64_lmk,age_lmk age_15_29_lmk,age_lmk",0
tasa_sspublicos,Test,laboral,pct,sspublicos==1,condocup_ci==1,"sex,ethnicity,disability,disability_ch,isoalpha3,year","disability,migration quintile,migration ethnicity,migration disability,quintile ethnicity,area,quintile quintile,ethnicity ethnicity,disability migration,area disability,disability_ch disability_ch,migration disability_ch,quintile disability_ch,ethnicity",0
tasa_trabagricola,Test,laboral,pct,trabagricola==1,condocup_ci==1,"sex,area,ethnicity,disability,isoalpha3,year","disability,migration quintile,migration ethnicity,migration disability,quintile ethnicity,area,quintile quintile,ethnicity ethnicity,disability migration,area age_lmk,migration age_lmk,disability age_lmk,area,ethnicity age_15_64_lmk,migration age_15_64_lmk,disability age_15_64_lmk,area,ethnicity age_15_29_lmk,migration age_15_29_lmk,disability age_15_29_lmk,area,ethnicity age_15_64_lmk,age_15_29_lmk age_15_64_lmk,age_lmk age_15_29_lmk,age_lmk",0
tasa_trabss,Test,laboral,pct,trabss==1,condocup_ci==1,"sex,area,ethnicity,disability,isoalpha3,year","disability,migration quintile,migration ethnicity,migration disability,quintile ethnicity,area,quintile quintile,ethnicity ethnicity,disability migration,area age_lmk,migration age_lmk,disability age_lmk,area,ethnicity age_15_64_lmk,migration age_15_64_lmk,disability age_15_64_lmk,area,ethnicity age_15_29_lmk,migration age_15_29_lmk,disability age_15_29_lmk,area,ethnicity age_15_64_lmk,age_15_29_lmk age_15_64_lmk,age_lmk age_15_29_lmk,age_lmk",0
tasa_transporte,Test,laboral,pct,transporte==1,condocup_ci==1,"sex,ethnicity,disability,disability_ch,isoalpha3,year","disability,migration quintile,migration ethnicity,migration disability,quintile ethnicity,area,quintile quintile,ethnicity ethnicity,disability migration,area disability,disability_ch disability_ch,migration disability_ch,quintile disability_ch,ethnicity",0
tenure_prom,FALSE,laboral,mean,antiguedad_ci,condocup_ci==1 & antiguedad_ci!=0 & !is.na(antiguedad_ci),"sex,area,ethnicity,disability,isoalpha3,year","disability,migration quintile,migration ethnicity,migration disability,quintile ethnicity,area,quintile quintile,ethnicity ethnicity,disability migration,area age_lmk,migration age_lmk,disability age_lmk,area,ethnicity age_15_64_lmk,migration age_15_64_lmk,disability age_15_64_lmk,area,ethnicity age_15_29_lmk,migration age_15_29_lmk,disability age_15_29_lmk,area,ethnicity age_15_64_lmk,age_15_29_lmk age_15_64_lmk,age_lmk age_15_29_lmk,age_lmk",0
y_pen_cont,FALSE,laboral,mean,ypen_ci,"!is.na(ypen_ci) & age_lmk==""age_65_mas""","sex,area,ethnicity,disability,isoalpha3,year","disability,migration quintile,migration ethnicity,migration disability,quintile ethnicity,area,quintile quintile,ethnicity ethnicity,disability migration,area age_lmk,migration age_lmk,disability age_lmk,area,ethnicity age_15_64_lmk,migration age_15_64_lmk,disability age_15_64_lmk,area,ethnicity age_15_29_lmk,migration age_15_29_lmk,disability age_15_29_lmk,area,ethnicity age_15_64_lmk,age_15_29_lmk age_15_64_lmk,age_lmk age_15_29_lmk,age_lmk",0
y_pen_nocont,FALSE,laboral,mean,ypensub_ci,"!is.na(ypensub_ci) & age_lmk==""age_65_mas""","sex,area,ethnicity,disability,isoalpha3,year","disability,migration quintile,migration ethnicity,migration disability,quintile ethnicity,area,quintile quintile,ethnicity ethnicity,disability migration,area age_lmk,migration age_lmk,disability age_lmk,area,ethnicity age_15_64_lmk,migration age_15_64_lmk,disability age_15_64_lmk,area,ethnicity age_15_29_lmk,migration age_15_29_lmk,disability age_15_29_lmk,area,ethnicity age_15_64_lmk,age_15_29_lmk age_15_64_lmk,age_lmk age_15_29_lmk,age_lmk",0
y_pen_total,FALSE,laboral,mean,ypent_ci,"!is.na(ypent_ci) & age_lmk==""age_65_mas""","sex,area,ethnicity,disability,isoalpha3,year","disability,migration quintile,migration ethnicity,migration disability,quintile ethnicity,area,quintile quintile,ethnicity ethnicity,disability migration,area age_lmk,migration age_lmk,disability age_lmk,area,ethnicity age_15_64_lmk,migration age_15_64_lmk,disability age_15_64_lmk,area,ethnicity age_15_29_lmk,migration age_15_29_lmk,disability age_15_29_lmk,area,ethnicity age_15_64_lmk,age_15_29_lmk age_15_64_lmk,age_lmk age_15_29_lmk,age_lmk",0
anos_esc_25_mas_0,FALSE,educación,pct,"anos_edu==""anos_0"" & age_25_mas==1",age_25_mas==1 & (!is.na(anos_edu)),"sex,quintile,area,ethnicity,disability,migration,isoalpha3,year","disability,migration quintile,migration ethnicity,migration disability,quintile ethnicity,area,quintile quintile,ethnicity ethnicity,disability migration,area",0
anos_esc_25_mas_1_5,FALSE,educación,pct,"anos_edu==""anos_1_5"" & age_25_mas==1",age_25_mas==1 & (!is.na(anos_edu)),"sex,quintile,area,ethnicity,disability,migration,isoalpha3,year","disability,migration quintile,migration ethnicity,migration disability,quintile ethnicity,area,quintile quintile,ethnicity ethnicity,disability migration,area",0
anos_esc_25_mas_12,FALSE,educación,pct,"anos_edu==""anos_12"" & age_25_mas==1",age_25_mas==1 & (!is.na(anos_edu)),"sex,quintile,area,ethnicity,disability,migration,isoalpha3,year","disability,migration quintile,migration ethnicity,migration disability,quintile ethnicity,area,quintile quintile,ethnicity ethnicity,disability migration,area",0
anos_esc_25_mas_13_mas,FALSE,educación,pct,"anos_edu==""anos_13_mas"" & age_25_mas==1",age_25_mas==1 & (!is.na(anos_edu)),"sex,quintile,area,ethnicity,disability,migration,isoalpha3,year","disability,migration quintile,migration ethnicity,migration disability,quintile ethnicity,area,quintile quintile,ethnicity ethnicity,disability migration,area",0
anos_esc_25_mas_6,FALSE,educación,pct,"anos_edu==""anos_6"" & age_25_mas==1",age_25_mas==1 & (!is.na(anos_edu)),"sex,quintile,area,ethnicity,disability,migration,isoalpha3,year","disability,migration quintile,migration ethnicity,migration disability,quintile ethnicity,area,quintile quintile,ethnicity ethnicity,disability migration,area",0
anos_esc_25_mas_7_11,FALSE,educación,pct,"anos_edu==""anos_7_11"" & age_25_mas==1",age_25_mas==1 & (!is.na(anos_edu)),"sex,quintile,area,ethnicity,disability,migration,isoalpha3,year","disability,migration quintile,migration ethnicity,migration disability,quintile ethnicity,area,quintile quintile,ethnicity ethnicity,disability migration,area",0
anos_promedio_educ,FALSE,educación,mean,aedu_ci,age_25_mas==1 &(!is.na(aedu_ci)),"sex,quintile,area,ethnicity,disability,migration,isoalpha3,year","disability,migration quintile,migration ethnicity,migration disability,quintile ethnicity,area,quintile quintile,ethnicity ethnicity,disability migration,area",0
anos_promedio_educ_activos,Test,educación,mean,aedupea_ci,!is.na(aedupea_ci),"sex,quintile,area,ethnicity,disability,migration,isoalpha3,year","disability,migration quintile,migration ethnicity,migration disability,quintile ethnicity,area,quintile quintile,ethnicity ethnicity,disability migration,area",0
anos_promedio_educ_inactivos,FALSE,educación,mean,aedupei_ci,!is.na(aedupei_ci),"sex,quintile,area,ethnicity,disability,migration,isoalpha3,year","disability,migration quintile,migration ethnicity,migration disability,quintile ethnicity,area,quintile quintile,ethnicity ethnicity,disability migration,area",0
anos_promedio_educ_sims,FALSE,educación,mean,aedu_ci,!is.na(aedu_ci),"sex,quintile,area,ethnicity,disability,migration,isoalpha3,year","disability,migration quintile,migration ethnicity,migration disability,quintile ethnicity,area,quintile quintile,ethnicity ethnicity,disability migration,area",0
ninis_2_15_24,Test,educación,pct,nini==1 & age_15_24_edu==1,!is.na(age_15_24_edu),"sex,ethnicity,disability,disability_ch,isoalpha3,year","disability,migration quintile,migration ethnicity,migration disability,quintile ethnicity,area,quintile quintile,ethnicity ethnicity,disability migration,area disability,disability_ch disability_ch,migration disability_ch,quintile disability_ch,ethnicity",0
tasa_aban_18_24,Test,educación,pct,leavers==1& age_18_24_edu==1,age_18_24_edu==1 & (!is.na(edad_ci)),"sex,ethnicity,disability,disability_ch,isoalpha3,year","disability,migration quintile,migration ethnicity,migration disability,quintile ethnicity,area,quintile quintile,ethnicity ethnicity,disability migration,area disability,disability_ch disability_ch,migration disability_ch,quintile disability_ch,ethnicity",0
tasa_asis_12_14,FALSE,educación,pct,"asiste_ci==1 & grupo_etario==""age_12_14""","grupo_etario==""age_12_14"" & (!is.na(asiste_ci))","sex,quintile,area,ethnicity,disability,migration,isoalpha3,year","disability,migration quintile,migration ethnicity,migration disability,quintile ethnicity,area,quintile quintile,ethnicity ethnicity,disability migration,area",0
tasa_asis_15_17,FALSE,educación,pct,"asiste_ci==1 & grupo_etario==""age_15_17""","grupo_etario==""age_15_17"" & (!is.na(asiste_ci))","sex,quintile,area,ethnicity,disability,migration,isoalpha3,year","disability,migration quintile,migration ethnicity,migration disability,quintile ethnicity,area,quintile quintile,ethnicity ethnicity,disability migration,area",0
tasa_asis_18_23,FALSE,educación,pct,asiste_ci==1 & age_18_23_edu==1,age_18_23_edu==1 & (!is.na(asiste_ci)),"sex,quintile,area,ethnicity,disability,migration,isoalpha3,year","disability,migration quintile,migration ethnicity,migration disability,quintile ethnicity,area,quintile quintile,ethnicity ethnicity,disability migration,area",0
tasa_asis_4_5,FALSE,educación,pct,"asiste_ci==1 & grupo_etario==""age_4_5""","grupo_etario==""age_4_5"" & (!is.na(asiste_ci))","sex,quintile,area,ethnicity,disability,migration,isoalpha3,year","disability,migration quintile,migration ethnicity,migration disability,quintile ethnicity,area,quintile quintile,ethnicity ethnicity,disability migration,area",0
tasa_asis_6_11,FALSE,educación,pct,"asiste_ci==1 & grupo_etario==""age_6_11""","grupo_etario==""age_6_11"" & (!is.na(asiste_ci))","sex,quintile,area,ethnicity,disability,migration,isoalpha3,year","disability,migration quintile,migration ethnicity,migration disability,quintile ethnicity,area,quintile quintile,ethnicity ethnicity,disability migration,area",0
tasa_bruta_asis_prim,FALSE,educación,pct,asis_prim_c==1 ,age_prim_c==1 & (!is.na(asiste_ci)),"sex,quintile,area,ethnicity,disability,migration,isoalpha3,year","disability,migration quintile,migration ethnicity,migration disability,quintile ethnicity,area,quintile quintile,ethnicity ethnicity,disability migration,area",0
tasa_bruta_asis_seco,FALSE,educación,pct,asis_seco_c==1,age_seco_c==1 & (!is.na(asiste_ci)),"sex,quintile,area,ethnicity,disability,migration,isoalpha3,year","disability,migration quintile,migration ethnicity,migration disability,quintile ethnicity,area,quintile quintile,ethnicity ethnicity,disability migration,area",0
tasa_bruta_asis_tert,FALSE,educación,pct,asis_tert_c==1,age_tert_c==1 & (!is.na(asiste_ci)),"sex,quintile,area,ethnicity,disability,migration,isoalpha3,year","disability,migration quintile,migration ethnicity,migration disability,quintile ethnicity,area,quintile quintile,ethnicity ethnicity,disability migration,area",0
tasa_neta_asis_prim,Test,educación,pct,asis_net_prim_c==1,age_prim_c==1 & (!is.na(asiste_ci)),"sex,ethnicity,disability,disability_ch,isoalpha3,year","disability,migration quintile,migration ethnicity,migration disability,quintile ethnicity,area,quintile quintile,ethnicity ethnicity,disability migration,area disability,disability_ch disability_ch,migration disability_ch,quintile disability_ch,ethnicity",0
tasa_neta_asis_seco,Test,educación,pct,asis_net_seco_c==1,age_seco_c==1 & (!is.na(asiste_ci)),"sex,ethnicity,disability,disability_ch,isoalpha3,year","disability,migration quintile,migration ethnicity,migration disability,quintile ethnicity,area,quintile quintile,ethnicity ethnicity,disability migration,area disability,disability_ch disability_ch,migration disability_ch,quintile disability_ch,ethnicity",0
tasa_neta_asis_tert,Test,educación,pct,asis_net_tert_c==1,age_tert_c==1 & (!is.na(asiste_ci)),"sex,ethnicity,disability,disability_ch,isoalpha3,year","disability,migration quintile,migration ethnicity,migration disability,quintile ethnicity,area,quintile quintile,ethnicity ethnicity,disability migration,area disability,disability_ch disability_ch,migration disability_ch,quintile disability_ch,ethnicity",0
tasa_no_asis_12_14,FALSE,educación,pct,"asiste_ci==0 & grupo_etario==""age_12_14""","grupo_etario==""age_12_14"" & (!is.na(asiste_ci))","sex,quintile,area,ethnicity,disability,migration,isoalpha3,year","disability,migration quintile,migration ethnicity,migration disability,quintile ethnicity,area,quintile quintile,ethnicity ethnicity,disability migration,area",0
tasa_no_asis_15_17,FALSE,educación,pct,"asiste_ci==0 & grupo_etario==""age_15_17""","grupo_etario==""age_15_17"" & (!is.na(asiste_ci))","sex,quintile,area,ethnicity,disability,migration,isoalpha3,year","disability,migration quintile,migration ethnicity,migration disability,quintile ethnicity,area,quintile quintile,ethnicity ethnicity,disability migration,area",0
tasa_no_asis_18_23,FALSE,educación,pct,asiste_ci==0 & age_18_23_edu==1,age_18_23_edu==1 & (!is.na(asiste_ci)),"sex,quintile,area,ethnicity,disability,migration,isoalpha3,year","disability,migration quintile,migration ethnicity,migration disability,quintile ethnicity,area,quintile quintile,ethnicity ethnicity,disability migration,area",0
tasa_no_asis_4_5,FALSE,educación,pct,"asiste_ci==0 & grupo_etario==""age_4_5""","grupo_etario==""age_4_5"" & (!is.na(asiste_ci))","sex,quintile,area,ethnicity,disability,migration,isoalpha3,year","disability,migration quintile,migration ethnicity,migration disability,quintile ethnicity,area,quintile quintile,ethnicity ethnicity,disability migration,area",0
tasa_no_asis_6_11,FALSE,educación,pct,"asiste_ci==0 & grupo_etario==""age_6_11""","grupo_etario==""age_6_11"" & (!is.na(asiste_ci))","sex,quintile,area,ethnicity,disability,migration,isoalpha3,year","disability,migration quintile,migration ethnicity,migration disability,quintile ethnicity,area,quintile quintile,ethnicity ethnicity,disability migration,area",0
tasa_sobre_edad_prim,FALSE,educación,pct,age_prim_sobre==1,asis_prim_c ==1,"sex,quintile,area,ethnicity,disability,migration,isoalpha3,year","disability,migration quintile,migration ethnicity,migration disability,quintile ethnicity,area,quintile quintile,ethnicity ethnicity,disability migration,area",0
tasa_terminacion_c_primar,Test,educación,pct,t_cond_primaria==1,age_term_p_c==1,"sex,ethnicity,disability,disability_ch,isoalpha3,year","disability,migration quintile,migration ethnicity,migration disability,quintile ethnicity,area,quintile quintile,ethnicity ethnicity,disability migration,area disability,disability_ch disability_ch,migration disability_ch,quintile disability_ch,ethnicity",0
tasa_terminacion_c_secund,Test,educación,pct,t_cond_secundaria==1,age_term_s_c==1,"sex,ethnicity,disability,disability_ch,isoalpha3,year","disability,migration quintile,migration ethnicity,migration disability,quintile ethnicity,area,quintile quintile,ethnicity ethnicity,disability migration,area disability,disability_ch disability_ch,migration disability_ch,quintile disability_ch,ethnicity",0
gini,FALSE,pobreza,gini,hwage_ppp,condocup_ci==1,"sex,quintile,area,ethnicity,disability,migration,isoalpha3,year","disability,migration quintile,migration ethnicity,migration disability,quintile ethnicity,area,quintile quintile,ethnicity ethnicity,disability migration,area age_scl,area,migration age_scl,migration age_scl,ethnicity",0
ginihh,FALSE,pobreza,gini,pc_ytot_ch,jefe_ci==1,"sex,quintile,area,ethnicity,disability,migration,isoalpha3,year","disability,migration quintile,migration ethnicity,migration disability,quintile ethnicity,area,quintile quintile,ethnicity ethnicity,disability migration,area age_scl,area,migration age_scl,migration age_scl,ethnicity",0
prangoedad_00_15,Test,demografia,pct,"recortes_poblacion==""rango_0_15""",!is.na(recortes_poblacion),"sex,ethnicity,disability,disability_ch,isoalpha3,year","disability,migration quintile,migration ethnicity,migration disability,quintile ethnicity,area,quintile quintile,ethnicity ethnicity,disability migration,area disability,disability_ch disability_ch,migration disability_ch,quintile disability_ch,ethnicity",1
prangoedad_16_30,Test,demografia,pct,"recortes_poblacion==""rango_16_30""",!is.na(recortes_poblacion),"sex,ethnicity,disability,disability_ch,isoalpha3,year","disability,migration quintile,migration ethnicity,migration disability,quintile ethnicity,area,quintile quintile,ethnicity ethnicity,disability migration,area disability,disability_ch disability_ch,migration disability_ch,quintile disability_ch,ethnicity",1
prangoedad_31_45,Test,demografia,pct,"recortes_poblacion==""rango_31_45""",!is.na(recortes_poblacion),"sex,ethnicity,disability,disability_ch,isoalpha3,year","disability,migration quintile,migration ethnicity,migration disability,quintile ethnicity,area,quintile quintile,ethnicity ethnicity,disability migration,area disability,disability_ch disability_ch,migration disability_ch,quintile disability_ch,ethnicity",1
prangoedad_46_60,Test,demografia,pct,"recortes_poblacion==""rango_46_60""",!is.na(recortes_poblacion),"sex,ethnicity,disability,disability_ch,isoalpha3,year","disability,migration quintile,migration ethnicity,migration disability,quintile ethnicity,area,quintile quintile,ethnicity ethnicity,disability migration,area disability,disability_ch disability_ch,migration disability_ch,quintile disability_ch,ethnicity",1
prangoedad_61_75,Test,demografia,pct,"recortes_poblacion==""rango_61_75""",!is.na(recortes_poblacion),"sex,ethnicity,disability,disability_ch,isoalpha3,year","disability,migration quintile,migration ethnicity,migration disability,quintile ethnicity,area,quintile quintile,ethnicity ethnicity,disability migration,area disability,disability_ch disability_ch,migration disability_ch,quintile disability_ch,ethnicity",1
prangoedad_76_90,Test,demografia,pct,"recortes_poblacion==""rango_76_90""",!is.na(recortes_poblacion),"sex,ethnicity,disability,disability_ch,isoalpha3,year","disability,migration quintile,migration ethnicity,migration disability,quintile ethnicity,area,quintile quintile,ethnicity ethnicity,disability migration,area disability,disability_ch disability_ch,migration disability_ch,quintile disability_ch,ethnicity",1
prangoedad_91mas,Test,demografia,pct,"recortes_poblacion==""rango_91_mas""",!is.na(recortes_poblacion),"sex,ethnicity,disability,disability_ch,isoalpha3,year","disability,migration quintile,migration ethnicity,migration disability,quintile ethnicity,area,quintile quintile,ethnicity ethnicity,disability migration,area disability,disability_ch disability_ch,migration disability_ch,quintile disability_ch,ethnicity",1
ptmc_ch,FALSE,sph,pct,ptmc_ch==1,npers==1 & !is.na(ptmc_ch),"sex,quintile,area,ethnicity,disability,migration,isoalpha3,year","disability,migration quintile,migration ethnicity,migration disability,quintile ethnicity,area,quintile quintile,ethnicity ethnicity,disability migration,area",0
pnc_ci,FALSE,sph,pct,pnc_ci==1,!is.na(pnc_ci) & edad_ci>64 & !is.na(edad_ci),"sex,quintile,area,ethnicity,disability,migration,isoalpha3,year","disability,migration quintile,migration ethnicity,migration disability,quintile ethnicity,area,quintile quintile,ethnicity ethnicity,disability migration,area",0
ptmc_dist1,FALSE,sph,pct,ptmc_ingneto1==1,ptmc_ch==1,"sex,quintile,area,ethnicity,disability,migration,isoalpha3,year","disability,migration quintile,migration ethnicity,migration disability,quintile ethnicity,area,quintile quintile,ethnicity ethnicity,disability migration,area",0
ptmc_dist2,FALSE,sph,pct,ptmc_ingneto2==1,ptmc_ch==1,"sex,quintile,area,ethnicity,disability,migration,isoalpha3,year","disability,migration quintile,migration ethnicity,migration disability,quintile ethnicity,area,quintile quintile,ethnicity ethnicity,disability migration,area",0
ptmc_dist3,FALSE,sph,pct,ptmc_ingneto3==1,ptmc_ch==1,"sex,quintile,area,ethnicity,disability,migration,isoalpha3,year","disability,migration quintile,migration ethnicity,migration disability,quintile ethnicity,area,quintile quintile,ethnicity ethnicity,disability migration,area",0
ptmc_dist4,FALSE,sph,pct,ptmc_ingneto4==1,ptmc_ch==1,"sex,quintile,area,ethnicity,disability,migration,isoalpha3,year","disability,migration quintile,migration ethnicity,migration disability,quintile ethnicity,area,quintile quintile,ethnicity ethnicity,disability migration,area",0
ptmc_coverage1,FALSE,sph,pct,ptmc_ingneto1==1,gpo_ingneto1==1,"sex,quintile,area,ethnicity,disability,migration,isoalpha3,year","disability,migration quintile,migration ethnicity,migration disability,quintile ethnicity,area,quintile quintile,ethnicity ethnicity,disability migration,area",0
ptmc_coverage2,FALSE,sph,pct,ptmc_ingneto2==1,gpo_ingneto2==1,"sex,quintile,area,ethnicity,disability,migration,isoalpha3,year","disability,migration quintile,migration ethnicity,migration disability,quintile ethnicity,area,quintile quintile,ethnicity ethnicity,disability migration,area",0
ptmc_coverage3,FALSE,sph,pct,ptmc_ingneto3==1,gpo_ingneto3==1,"sex,quintile,area,ethnicity,disability,migration,isoalpha3,year","disability,migration quintile,migration ethnicity,migration disability,quintile ethnicity,area,quintile quintile,ethnicity ethnicity,disability migration,area",0
ptmc_coverage4,FALSE,sph,pct,ptmc_ingneto4==1,gpo_ingneto4==1,"sex,quintile,area,ethnicity,disability,migration,isoalpha3,year","disability,migration quintile,migration ethnicity,migration disability,quintile ethnicity,area,quintile quintile,ethnicity ethnicity,disability migration,area",0
pafro_ci,Test,demografia,pct,afroind_ci==2,npers==1,"sex,ethnicity,disability,disability_ch,isoalpha3,year","disability,migration quintile,migration ethnicity,migration disability,quintile ethnicity,area,quintile quintile,ethnicity ethnicity,disability migration,area disability,disability_ch disability_ch,migration disability_ch,quintile disability_ch,ethnicity",1
pindi_ci,Test,demografia,pct,afroind_ci==1,npers==1,"sex,ethnicity,disability,disability_ch,isoalpha3,year","disability,migration quintile,migration ethnicity,migration disability,quintile ethnicity,area,quintile quintile,ethnicity ethnicity,disability migration,area disability,disability_ch disability_ch,migration disability_ch,quintile disability_ch,ethnicity",1
pnoafronoindi_ci,Test,demografia,pct,afroind_ci==3,npers==1,"sex,ethnicity,disability,disability_ch,isoalpha3,year","disability,migration quintile,migration ethnicity,migration disability,quintile ethnicity,area,quintile quintile,ethnicity ethnicity,disability migration,area disability,disability_ch disability_ch,migration disability_ch,quintile disability_ch,ethnicity",1
pdis_ci,Test,demografia,pct,dis_ci==1,npers==1,"sex,ethnicity,isoalpha3,year","disability,migration quintile,migration ethnicity,migration disability,quintile ethnicity,area,quintile quintile,ethnicity ethnicity,disability migration,area disability,disability_ch disability_ch,migration disability_ch,quintile disability_ch,ethnicity",1
des1_ch,Test,vivienda,pct,des1_ch==1 & jefe_ci==1,jefe_ci==1 & !is.na(des1_ch),"sex,ethnicity,disability,disability_ch,isoalpha3,year","disability,migration quintile,migration ethnicity,migration disability,quintile ethnicity,area,quintile quintile,ethnicity ethnicity,disability migration,area disability,disability_ch disability_ch,migration disability_ch,quintile disability_ch,ethnicity",0
pdis_ch,Test,demografia,pct,dis_ch==1 & jefe_ci==1,jefe_ci==1,"sex,ethnicity,isoalpha3,year","disability,migration quintile,migration ethnicity,migration disability,quintile ethnicity,area,quintile quintile,ethnicity ethnicity,disability migration,area disability,disability_ch disability_ch,migration disability_ch,quintile disability_ch,ethnicity",1
cobsalud_ci,Test,cobsalud_ci,pct,cobsalud_ci==1,npers==1,"sex,ethnicity,disability,disability_ch,isoalpha3,year","disability,migration quintile,migration ethnicity,migration disability,quintile ethnicity,area,quintile quintile,ethnicity ethnicity,disability migration,area disability,disability_ch disability_ch,migration disability_ch,quintile disability_ch,ethnicity",0
